,Cluster,UMAP_1,UMAP_2,percent.mi,nUMI,nGene
CGATCGTCAGGAAGACAGAC-1,4,-1.1209399,-1.0665106,0.0,2002.0,1022
GCAATGCGAGTACGTTATGG-1,4,-1.4370561,-1.3380178,0.0,1831.0,506
AGACCGCGAAGCGAACACGG-1,5,-3.5857182,0.6757597,0.0,1222.0,723
GCGGAGTGGAGTTGGATCCT-1,7,4.083551,-4.0594225,0.0,1113.0,742
TGAAGGAAGGTCAATGGTGG-1,5,-4.0502033,1.9804633,0.0,1085.0,775
AACGGTTGAGGCGCAGCACC-1,4,-1.8661317,-1.5114332,0.0,1086.0,667
GCGGAGTGGACGTTCGATGG-1,8,1.4153746,1.1374239,0.0,1049.0,707
GCCGTGATCTAAGATTAACC-1,5,-3.049686,-0.30085996,0.0,840.0,634
ACGGCACTCCTAATCGGTGC-1,5,-2.3033223,0.85046303,0.0,797.0,539
ACAGATCTATATACTCCTAC-1,1,1.7133003,3.090935,0.0,810.0,623
TAGGAACTCGCGTCCGCTCT-1,7,3.4960504,-2.8346777,0.0,638.0,491
TATATCACACAGCAAGCGAC-1,4,-1.7836759,-1.4061838,0.0,836.0,348
AGGAGCTCCAACGGTACCTC-1,1,1.7498457,3.644473,0.0,764.0,588
GACAATTGAGGAGTAGATTG-1,3,4.175165,-0.7909451,0.0,868.0,561
CCGGTCACTAACAGTTCATT-1,5,-2.8925998,1.0438612,0.0,660.0,550
GTGATATAGTACGTTGAATA-1,1,1.4589503,3.51418,0.0,745.0,529
GCGAACGATCACGACAATAT-1,1,1.6576276,3.2645369,0.0,706.0,533
TCGCTTCAAGTCCTCGTGCG-1,5,-4.113769,1.9187099,0.0,651.0,511
GTGCCGTGTTAACGAGGTCC-1,5,-3.375373,1.1315166,0.0,605.0,458
CTCGAACCTTATATTCTCAC-1,5,-2.3185766,1.0222954,0.0,680.0,516
TGAGCATAACCACATGTTAC-1,1,2.327393,1.5176145,0.0,704.0,541
ATATTGATATGCTTCTGTAC-1,1,2.4507368,0.55193806,0.0,698.0,499
TGTCCTACCTCAGCGAAGTC-1,5,-4.0093455,1.4863155,0.0,561.0,456
CTCGAACCTTGGAACGTGCC-1,1,2.3473928,1.973001,0.0,602.0,455
ACAGGATAGAAGTTGTCGAA-1,1,0.6480023,2.7543628,0.0,640.0,491
GAAGAGCCTTCTCAAGTCGC-1,4,-3.0045753,-1.0396669,0.0,621.0,458
GCCGCACGCAATGACGGATA-1,6,2.3902912,-0.5376921,0.0,667.0,490
ATGCACTGGTGTGGACAGGA-1,5,-2.8228097,0.8347644,0.0,564.0,456
GATGATTGCATATGAACAGC-1,1,1.7581542,1.9125859,0.0,606.0,458
AATAGTAGTGATGTTCTATA-1,1,1.0111958,2.5391254,0.0,555.0,430
TGGTGAGCCTGAGGTGCCGC-1,3,4.3069277,2.0262494,0.0,606.0,460
AACAGACGACTCCTCGTGCG-1,0,2.8145585,-0.40019178,0.0,555.0,478
CATTCACACAATTACCGCGT-1,7,3.3100042,-3.7385213,0.0,505.0,405
AGGCATACTCTCTGTTCATA-1,6,2.320456,-0.16983676,0.0,477.0,376
GTGGAGCTACTAATCGGTGC-1,1,1.1333971,2.7063699,0.0,575.0,455
TTCGTGTACGTGCTCAGAAG-1,8,1.2609396,1.4587094,0.0,533.0,429
ACATCATTGCGACTATCACA-1,3,5.082179,-0.72092795,0.0,581.0,404
CTTCGGCCGGCCTGCGAACA-1,4,-1.8728021,-1.928514,0.0,592.0,436
AGCACAGTTGCTATCGCCTT-1,6,2.6678247,1.303808,0.0,505.0,400
TTAGGCTATGCTCGATTGGT-1,6,1.851054,1.0910301,0.0,551.0,441
GACGTATAACGTTACGCGTC-1,1,1.3654764,3.8228624,0.0,545.0,439
GGACGTGGAATAATCGGTGC-1,1,2.8566446,2.494484,0.0,523.0,418
CTCAGAGGCGTCAATGGTGG-1,2,0.23587115,-0.1552626,0.0,505.0,411
GCCTCTCAACGTTGGATCCT-1,4,-2.78253,-0.8819544,0.0,458.0,386
GGTAGGATACGACTTACTCT-1,1,2.2487216,2.8239694,0.0,472.0,395
CTACTCATCCTAACATAGCA-1,1,1.5871998,2.682843,0.0,498.0,389
CACGTGCCGGTAGGCTCAGG-1,1,2.7953453,2.0759232,0.0,527.0,381
GTTGCGCCGGGTCAGTACCA-1,7,4.0560927,-2.7413397,0.0,416.0,343
AAGTCACGGCACACACCAGA-1,5,-1.890225,0.36517903,0.0,461.0,378
AGCCTCCTATTTGACATCTC-1,6,2.8928683,0.62975794,0.0,485.0,362
AAGACTGTGGATGGCGTGCG-1,5,-1.3054359,0.8845506,0.0,470.0,417
ATGGTTCTAACGTCCGCTCT-1,4,-2.1502428,-2.709854,0.0,497.0,378
CGTTCGATGGGTGTCACGAG-1,0,3.6048076,-0.71448505,0.0,511.0,350
ATCGGACAAGGTAGACGGAG-1,4,-2.2568133,-1.800685,0.0,494.0,362
TAACATAGCATCTCGCGACC-1,6,2.090774,0.95780766,0.0,477.0,381
CATCTATATACATCGGCATG-1,6,1.5078181,-1.3784255,0.0,484.0,364
TTGTCTGCAGTATTACTCTC-1,4,-2.622362,-1.2199644,0.0,487.0,355
GTTGTATGCATATCGGAATA-1,4,-3.3922005,-2.8562613,0.0,471.0,353
CGATACTAGCGCTTAGATCT-1,5,-3.2172542,1.7359048,0.0,456.0,359
AACAGCATAGAGTCGTCCTA-1,5,-4.1080766,1.6137817,0.0,411.0,332
AGTGGACACCCAATCTCATG-1,1,3.3986373,2.2214346,0.0,470.0,367
TCAACCGCTCCGGCAGAGTC-1,5,1.4236377,0.9138633,0.0,436.0,335
GTGACTGTACACATATGCGA-1,3,4.659911,1.7342237,0.0,423.0,346
CTTGTCTAGTTCGCATCTTG-1,5,-1.0972803,-0.25284734,0.0,395.0,325
TTACTATGTGACTACGGTCG-1,4,-2.729956,-2.116254,0.0,459.0,341
GGCCTGCACAGTGTCCATAC-1,6,2.5249999,-0.31942502,0.0,452.0,342
CACGTACCAAAATCAGTGGA-1,1,1.9153651,3.2646725,0.0,469.0,372
TCGTGGCAGATATCATCTCT-1,5,-4.2636595,1.7781345,0.0,393.0,349
CTTGGCCAATCTCTCCATAG-1,1,2.161554,0.5409932,0.0,433.0,347
AAGATGGCCTTATGAACAGC-1,4,-2.9340236,-2.0316744,0.0,497.0,331
CATACGCCATTAGGCTCAGG-1,5,-3.5658312,1.7608845,0.0,462.0,358
TAAGCGTGGCAGCGATCCAT-1,5,-4.010211,1.8831153,0.0,354.0,301
ACCAATTGTAAATTAATCTG-1,1,2.2292814,1.9243333,0.0,380.0,330
TCGAAGTACGCCGTGCAACC-1,2,-0.13593045,-0.65167683,0.0,339.0,284
TGAGGCCAATACGGCCTGTA-1,5,-2.1972914,0.63062423,0.0,441.0,339
GCGGTACAAGGGAGCAACAG-1,2,-0.5139651,-0.70719093,0.0,434.0,357
CCAATTCATCAAGTTGGAGG-1,5,-3.4068859,1.4599644,0.0,425.0,327
CGTATCGCCTCTTCCATCCT-1,0,1.7136991,-0.3718093,0.0,370.0,306
GAACTGCTCCATGATCATTA-1,2,2.233657,-3.0854886,0.0,416.0,315
GTATATGAAGTCTTCATCTC-1,3,4.5942874,-1.9255749,0.0,391.0,307
CGGCGTGTAAAGCCTCCTAT-1,6,2.5899124,0.5285808,0.0,367.0,304
AGACCGTCGTTTCTATCAGC-1,3,5.3435917,0.13251665,0.0,397.0,322
TAGTTAGACGCTTGTAGCAT-1,5,-3.7785652,1.1222738,0.0,364.0,311
CACTCTTAACAATTCGAAGG-1,1,1.9210804,2.3850088,0.0,444.0,344
GTAATATTACTTGAGCCTGA-1,0,1.4576684,-0.31599724,0.0,441.0,325
AATACACGTAGGTATCCTTA-1,3,4.267669,-0.6441682,0.0,372.0,288
AGGTGTAAGCACCAAGCCAG-1,4,-0.51414376,-1.7632577,0.0,423.0,291
TCAGTACACGCTTCTTCGTA-1,1,1.7853496,2.8097613,0.0,396.0,306
GTGACATACATAGGCTCAGG-1,6,3.267254,-0.24846953,0.0,451.0,337
ACATGCCTGTCATGGACTCC-1,2,0.0895789,-0.23808652,0.0,461.0,354
CCTGATCGCATTGAAGAAGC-1,1,1.705361,2.4361477,0.0,392.0,317
GAGAACGTGTTTGACATCTC-1,8,0.82840776,0.98709327,0.0,332.0,289
ACAGATTGTTCATGGACTCC-1,7,4.378467,-3.2553082,0.0,377.0,299
AGAAGCGTATCTATCGCCTT-1,3,4.4934163,-1.7270103,0.0,416.0,329
AGTTGACGTTCTTCGATGGT-1,7,4.2230244,-2.7257926,0.0,432.0,320
TAGTTGTCACACCAAGCCAG-1,1,0.9481628,2.843092,0.0,371.0,324
TCAATGGTGGGTTACCACAT-1,5,-3.8771315,2.1064901,0.0,359.0,306
AATCGCGCAGTCGACATCGA-1,6,2.3050814,0.18086657,0.0,362.0,295
ACGAGACTTGGCGCGCCGAG-1,8,0.81123465,0.25433922,0.0,397.0,300
ACATATGCGAACTGGTAAGA-1,4,-1.9177428,-2.995251,0.0,365.0,293
ATACATGGACCATCGGCATG-1,6,3.0821924,-0.009075574,0.0,401.0,319
CTCGAACCTTGTAATACGTC-1,2,0.83796513,2.1129484,0.0,338.0,291
GCACCGCATAGGAGGTCCAA-1,5,0.631275,1.5351834,0.0,385.0,311
TAGGAACTCGGCTAGTAGAA-1,2,1.1134899,-2.700159,0.0,382.0,279
AACGAGTATTAGACCGTCGT-1,3,4.958415,-0.59003514,0.0,392.0,289
TCTGGATAGTTGGAGCTCAG-1,1,2.8711052,0.95922077,0.0,413.0,316
CCTGAATTCTGCGAACACGG-1,1,1.0888176,3.328563,0.0,383.0,306
TTATTATCAGGTTGTTCTCT-1,3,4.2833576,0.65223837,0.0,391.0,312
AGCTTAGAGTTGACTTCGTA-1,6,2.8891141,0.49766436,0.0,422.0,297
CTTCGACCAACTCACTGTAG-1,0,1.1955215,0.741739,0.0,343.0,282
ATTAACCGGCAATCAGTGGA-1,0,3.205388,1.3965826,0.0,326.0,274
GCCGGACCGAACATATGCGA-1,4,-3.18671,-2.339867,0.0,353.0,289
AGTCCAACTGGCAGGTATCC-1,0,4.216961,-0.41214865,0.0,410.0,319
GTAACCACCGCGAATATAGG-1,0,1.1578714,-1.242987,0.0,395.0,308
CATAGTATTATTGAAGAAGC-1,1,1.672865,1.8547461,0.0,381.0,311
TGGAGAACTCTGCAGTGGTA-1,0,2.2956514,-0.85583425,0.0,364.0,316
CATAGTATTAAGTAGTTACG-1,4,-3.6620562,-2.3824606,0.0,330.0,228
TGAGGCCAATCAGCAAGCAG-1,4,-2.4779968,-2.0986214,0.0,351.0,265
GTTAAGGTGATCCTCCTGGC-1,4,-0.8475743,-1.7460852,0.0,356.0,310
CTTCGGCCGGCTCAACATGT-1,7,3.6321876,-3.6782205,0.0,358.0,286
ACGACTATTAAGCAAGCGAC-1,0,4.5793176,1.0139694,0.0,334.0,277
ATCAGAGTCATGTTCACTAG-1,3,2.0759234,-0.55879194,0.0,424.0,316
ATATCACGAACACATGTTAC-1,4,-3.691907,-2.4912322,0.0,345.0,280
GCCTGAGTATGAGTAGATTG-1,7,4.7410293,-4.6490617,0.0,354.0,303
ATATTCTCACTGTTCACTAG-1,6,1.8225164,0.6608896,0.0,417.0,313
TTATCGATGGAAGTCGATCC-1,8,1.7204597,-1.598628,0.0,364.0,298
AAGTGCTGGTACTGCACAGG-1,0,3.6739585,-0.46431193,0.0,342.0,285
AAGTTGGAGGGACTGTTCCT-1,4,-2.1921084,-2.4023888,0.0,346.0,269
CGAGCTGGAACGCACTGGAT-1,5,-3.077741,1.5755831,0.0,337.0,287
AGGATTCTACCTCAAGTCGC-1,7,3.7647893,-3.0764058,0.0,345.0,282
TACATGTGCCGTTACCACAT-1,3,4.1175385,-1.6568075,0.0,318.0,264
AGTTCCTGTCCAGTGTATGC-1,1,2.8745756,1.7090852,0.0,326.0,281
GTACATAGGCCTTGCCTACA-1,2,1.6284319,-3.1384473,0.0,397.0,301
GAAGGCAAGCCTTGCCGCGC-1,1,2.8784225,3.679975,0.0,373.0,306
TCCTGGTCGGTGGAGCTCAG-1,7,4.534225,-4.044265,0.0,350.0,295
TCATCCTTGGTCACGAATCC-1,6,4.29558,-2.1778486,0.0,315.0,266
GTAGGATCAGTACAGTACGC-1,4,-2.9002814,-1.4888471,0.0,265.0,212
AGATCAAGCTCTTCCTACAG-1,6,3.024439,0.30749923,0.0,339.0,280
AATCGATAGGGTACATAGGC-1,5,-3.7744198,0.968252,0.0,349.0,294
GGAGGTTGGTAGTTCCTGTC-1,0,0.7459811,0.13379925,0.0,314.0,254
TCCTGATCAATTGAGCCTGA-1,8,0.4508766,0.94014245,0.0,254.0,231
TGGTATTGTCGCTCTCGGTT-1,0,2.7508001,-0.4362279,0.0,344.0,271
ACGTAGATAATTCCACTACA-1,6,3.178136,0.419671,0.0,312.0,266
GTTAATAATCTGGTATTGTC-1,0,1.9732699,-0.7536663,0.0,346.0,265
GGCACGTTCGTTGACATCTC-1,4,-2.1334805,-1.874787,0.0,330.0,277
CTTCTATCGACTCTAAGCAT-1,0,1.870779,0.061573956,0.0,304.0,255
AGCAGGCAGCGCAGGTATCC-1,0,0.71613526,-0.47318172,0.0,344.0,289
ATCAGTTAACACGTTGAATA-1,3,5.0602636,-1.9768244,0.0,330.0,274
TGGACGTGACGCGAACACGG-1,4,-2.5718353,-1.9611973,0.0,321.0,260
ACGCCTCAGTGGAACGTGCC-1,2,2.8366024,-3.112545,0.0,354.0,274
CGCGAGGACCAGTGGTGGTA-1,6,1.7292842,0.0422989,0.0,340.0,288
CAGATCGGTCGCCGCAATAG-1,4,-1.8807222,-2.7191758,0.0,296.0,240
ATAATGTAATTGAGGTGGTT-1,1,1.7808675,2.1015077,0.0,338.0,260
CGATAAGCACTATCGCGCCA-1,2,3.3459494,-2.1679924,0.0,326.0,270
TACGCCGATTAATGCCAGTT-1,4,-3.2821085,-2.146426,0.0,316.0,258
CGTCTAAGCACAGCAAGCAG-1,4,-3.3646374,-2.832017,0.0,324.0,276
ATAGCAGGTAGATGAGAGGT-1,1,2.9261181,1.3014396,0.0,315.0,275
GTGACATACAGCCTCTGGCT-1,4,-1.1478199,-2.6769195,0.0,324.0,265
AGAGAGGACATGTGTAGCCG-1,4,-2.577112,-2.7081382,0.0,322.0,264
ATGGTACCGACATATTAGGA-1,2,0.18746702,-1.8735293,0.0,303.0,240
GACGTATAACATGACGGATA-1,3,4.4381733,-1.635939,0.0,319.0,230
CCAGAATTAGAATGCCAGTT-1,8,2.5198114,-1.1999564,0.0,357.0,277
AGACTGGAGCGCAGGTATCC-1,4,-2.4124072,-3.1503377,0.0,225.0,213
AGTGTTGCTTGCGTTAGATG-1,3,4.534114,-1.2516875,0.0,285.0,242
AGCAAGCGACTGTAAGAGCT-1,2,2.5619822,-1.8543978,0.0,342.0,256
TTCCACTACACTTCTTCGTA-1,2,-0.08778412,-1.1005567,0.0,285.0,254
TTATGGCCAACAAGAGGTCA-1,3,4.406864,-1.882839,0.0,321.0,248
TTGTCTGCAGCACCGCTAGT-1,1,2.6847658,2.598158,0.0,270.0,237
AACAGACGACCTTCGGCCGG-1,3,4.1491127,-1.345978,0.0,337.0,249
AACCATATACAGCCTCCTAT-1,2,1.3413789,-2.003329,0.0,343.0,257
CGCACTGGATATACCGAGCT-1,2,3.41297,-1.690057,0.0,325.0,269
AGTCTATCGTATTATCTAGC-1,8,0.8115663,0.76895607,0.0,292.0,231
TATGGCATAGATATTCTCAC-1,4,-3.0211794,-3.0609586,0.0,271.0,238
GCAGGTATCCGACTCTCCAA-1,0,2.481149,-1.6693414,0.0,327.0,254
AATACCTTCCAGCACAGTTG-1,1,2.7209318,3.5248158,0.0,320.0,269
CCTAGTGTGGAGAGCGGCAA-1,2,1.1030525,-0.4581047,0.0,330.0,257
TGACTGTCAGAGTAGTAATA-1,3,5.0224843,-1.2284204,0.0,303.0,259
TTCCTCATAGTCGCATCTTG-1,1,3.373016,1.2001252,0.0,288.0,224
GGCTATCGCGCTCGCAGGTC-1,7,4.3749995,-4.1055136,0.0,292.0,246
GCTTCCTAACGCTCAGCTGG-1,2,2.755451,-2.855716,0.0,310.0,245
CGACTTAGTGATGTTCTATA-1,3,5.34931,-0.24859639,0.0,310.0,236
CACGTACCAAACACACCAGA-1,3,5.470394,-1.9436867,0.0,289.0,245
GCGCGTGATGAACGAGTATT-1,7,2.0725098,-1.1694947,0.0,337.0,286
AGTCCATCCAGTTACGCGTC-1,2,0.517926,-2.2403588,0.0,249.0,210
GTGTTGGAACCGGCGATACC-1,5,-1.8087643,0.8915282,0.0,289.0,254
ATTATGAATATGGATTAGAC-1,2,0.75837433,-2.6232297,0.0,289.0,250
TAAGGTATTCCACCGAGCAT-1,3,4.838274,-1.6386774,0.0,321.0,268
CACGGATCGAACCTCTCCTG-1,1,1.4336814,1.7249154,0.0,336.0,286
CGTACGTAGGCTCTAAGCAT-1,0,1.3974122,0.49695992,0.0,309.0,238
GACGTATAACAAGTCACGGC-1,0,2.2712443,0.6091286,0.0,259.0,209
GATGAGAGGTGCGCAGCACC-1,2,1.9467472,-3.643011,0.0,283.0,249
CGTTCTACGAGGAGGTCCAA-1,3,5.671631,-0.96829593,0.0,296.0,248
AAGACTGTGGGATGGAGTGC-1,7,4.932138,-4.5335464,0.0,307.0,244
CTAGCGGCATCATCAGTTGG-1,3,5.1350384,0.66620344,0.0,291.0,237
CTGCTAGTGGGCCTCCGGTC-1,2,2.0149965,-3.2947059,0.0,284.0,222
CTGATACTTCTTCACTGGCG-1,5,-2.13854,0.71672237,0.0,304.0,264
AGATCAAGCTAGATTGAGAG-1,8,0.36080244,1.1793333,0.0,270.0,234
TTCGTGAATAGCTGCTCTTC-1,1,1.0069045,3.3189466,0.0,267.0,231
ATCGATTCTGGTAACGACGC-1,7,3.8663042,-2.583448,0.0,330.0,252
AGTAGTAATATAGTTGTCAC-1,0,3.6955242,-1.8606436,0.0,315.0,270
ATTAAGATAATGCTGCAGTA-1,0,1.2017189,-0.6706301,0.0,339.0,243
AACACTCTCCTTACTGCCTT-1,1,0.70279175,3.2932634,0.0,265.0,238
ATTATGAATAATGTTCTATA-1,3,4.316291,1.2793518,0.0,304.0,262
TAATCTAATATGGACGTGAC-1,0,3.610547,-1.8629512,0.0,270.0,216
GCGAACACGGCATCAGTTGG-1,4,-2.3199255,-2.8257573,0.0,261.0,220
GACTCGCTAGGTGGACAGGA-1,2,0.48547134,-1.3650564,0.0,259.0,222
CAAGCAATTCGCGAATCGAC-1,3,4.663794,-1.4541293,0.0,301.0,241
CCTGATCGCATCCTGATCAA-1,5,-3.6021736,1.6905102,0.0,236.0,209
GTAACGGATGACCTCTCCTG-1,4,-2.6862803,-3.1420774,0.0,240.0,220
AATATTATGGTGGAGCTCAG-1,2,1.0363358,-1.841267,0.0,294.0,224
TGCGGTTACGACGGTACCTC-1,3,4.6739254,-0.7273083,0.0,265.0,226
TACGCTTCGAGTGCGAACAT-1,2,-0.040671904,-1.8032867,0.0,283.0,246
AAGCGCTTAAGCGGTGCAGA-1,1,3.3846502,2.4305577,0.0,288.0,245
GGCTCGTATACCGGTGGACA-1,2,2.990944,-2.602588,0.0,272.0,221
ATAGGAGTCTCTTCCTACAG-1,6,2.273914,0.22690171,0.0,272.0,222
AGCGCTGGACCTTGACTCAA-1,1,2.213161,3.469384,0.0,274.0,240
CATTGTAACGTGTCAGGCAC-1,0,1.9695531,-1.8675297,0.0,290.0,232
GAATGTAGGCCAAGAGGTCA-1,7,4.5763116,-3.1895874,0.0,291.0,241
GATTACAATGTATCATCTCT-1,4,-3.5823133,-2.6451004,0.0,237.0,207
AATTACACACAACGAGTATT-1,1,1.219885,2.1236567,0.0,319.0,244
CTATCTCCGGTAATCGGTGC-1,0,3.8660004,1.3597937,0.0,263.0,237
AAGTACTAATACTGCACAGG-1,0,3.0837972,-1.5984863,0.0,291.0,222
CTCTATGCTAGTAATACGTC-1,8,0.29883847,2.0586376,0.0,254.0,225
TATCGCGCCAGCCAGCACGT-1,6,3.2215755,0.14630061,0.0,252.0,220
CGCGAGCGATCTTCGGCCGG-1,6,1.8417466,-0.025256824,0.0,332.0,251
GTCGAAGTCAAAGGATTGAT-1,0,1.3750428,-1.1098498,0.0,337.0,248
GCATATACAATTAACGTAGG-1,0,0.9869127,-0.4629284,0.0,287.0,221
CTTGTGGTTGCTCACTGTAG-1,4,-3.0883532,-1.5820556,0.0,264.0,235
AATACGACCTGTGGACAGGA-1,0,3.1018248,-1.6759148,0.0,313.0,234
GCAACAGAACTTCTATCAGC-1,1,1.4804474,2.5370991,0.0,274.0,235
CAGTCCAGGATAGTTAGACG-1,2,1.8659097,-1.9425335,0.0,259.0,218
TCAATCGTCCAGACCGTCGT-1,6,1.4646411,-1.5551323,0.0,284.0,244
TTAACGTAGGCGGCGATACC-1,0,3.811365,-0.24417149,0.0,279.0,245
CTTCGACCAACGATAAGCAC-1,0,4.553615,-0.14199169,0.0,314.0,247
AGACTCGACGCTTCCATCCT-1,6,2.943414,-1.8271346,0.0,309.0,238
GTACCGCAGCGTAATACGTC-1,4,-1.1049385,-3.0613902,0.0,238.0,213
CATCAACGTACTCACAGCGG-1,3,5.60326,-1.7747592,0.0,273.0,228
TGTAGCGTAACACATGTTAC-1,2,0.29270804,-1.1448205,0.0,274.0,221
CACATGTTACCGAGGAGTCA-1,3,-0.32304108,-2.9576082,0.0,247.0,219
ATCTCCAGAATCCTCGTGCG-1,0,3.9324431,0.27928275,0.0,283.0,215
AATAGTTGCATCCTGGTCGG-1,2,0.8335804,-1.3431361,0.0,322.0,264
GAGCATAGAAGTCAGTACCA-1,7,3.6154644,-3.6349583,0.0,255.0,206
GCCTGGAAGCTATTCATATA-1,7,4.8189664,-4.827545,0.0,246.0,217
GCGGCGCACTCAAGCTGAAG-1,2,2.3922458,-2.2983875,0.0,294.0,238
TCGACATCGACACATGTTAC-1,3,5.483999,-1.9276098,0.0,249.0,214
GCTACGTCATAAGATCAATT-1,6,3.8191283,0.7868122,0.0,250.0,210
TTAGGCTATGTAGGCTCAGG-1,0,1.5417033,-0.48380017,0.0,283.0,238
GGCTTGGTGCAGGAGCTCCA-1,3,5.41899,0.8216235,0.0,254.0,222
GTGACATACATTCTCCTGTA-1,3,4.9623723,0.072450764,0.0,243.0,218
GCGGAGTGGACGTCCGCTCT-1,4,-2.5450525,-0.53196627,0.0,250.0,244
GCTCGGAACACCATAAGGAG-1,3,5.2756352,-1.1663885,0.0,277.0,219
CTACGTAGGTCACATGTTAC-1,0,2.7900834,-0.8544631,0.0,247.0,225
CGAATATAGGCGCACTGGAT-1,1,2.4629996,3.8578162,0.0,261.0,231
CAGAGTGCCACGCCTCATCT-1,5,-0.2309075,0.940289,0.0,258.0,214
ATGGAAGGCCGCCTCTGGCT-1,0,2.6154208,-1.1020179,0.0,296.0,236
AACATTCCTCTTAACGTAGG-1,1,2.2791495,3.2020686,0.0,248.0,230
CCACTGGATTTCGATGCGCG-1,3,5.621123,-2.147969,0.0,261.0,215
GAGAAGAACAAGTGGACACC-1,7,4.4319825,-3.089903,0.0,246.0,211
TCCGTGGCTGGAAGACAGAC-1,6,1.5653753,0.24505073,0.0,304.0,233
GAGAACGCTACAGCAAGCAG-1,4,-2.7594128,-1.4873215,0.0,254.0,232
TAGAAGGAGGTACGGACTCT-1,0,1.1932836,-0.30494648,0.0,254.0,218
TTACGTTCAGCGTTCTACGA-1,2,2.0386114,-3.5937862,0.0,291.0,231
AATACGACCTAAGATCAATT-1,5,-0.7392681,0.5906793,0.0,246.0,201
ACGTCTTATAATGGCGTGCG-1,4,-2.068315,-3.0180554,0.0,240.0,215
CGATCTCGTATCATCGGATT-1,5,-2.4775422,-0.20270483,0.0,249.0,241
TTCGTCTAGCGTTGTTCTCT-1,2,0.85738003,-2.316829,0.0,252.0,212
ACACGCCGAATTCTCACTCC-1,1,3.4246557,1.1199791,0.0,260.0,213
ATCGACATGCGGACACTCTT-1,4,-1.575255,-2.3965235,0.0,265.0,216
TTAACCTACCTGTTCCAGAC-1,2,2.7807252,-2.3681433,0.0,254.0,211
TGAAGCAACCTTAATTGCTC-1,1,2.9724765,3.9057932,0.0,257.0,227
CACAGAAGCCCTTGCCGCGC-1,0,3.2969544,-0.78600323,0.0,237.0,218
ACTAACCGTACTGACCTGGT-1,7,3.6442692,-3.2808924,0.0,266.0,206
AGCTTAGAGTATTATTGTGC-1,0,4.355875,0.33481377,0.0,282.0,224
AGACTTACGTGGAACGTGCC-1,2,3.3914459,-1.404218,0.0,250.0,227
CACAAGGTCTAAGTCACGGC-1,0,2.1537478,-1.0293717,0.0,289.0,231
TGAGCATAACTGGTATTGTC-1,0,5.467576,1.0017592,0.0,244.0,220
CTATGTATAAGACATCGGTG-1,3,5.416015,-1.3607299,0.0,264.0,206
GCTCTTCAATCTCTCCATAG-1,3,5.294169,1.234506,0.0,243.0,210
TTGTCAGTGGGCCGGTTGTA-1,7,3.520129,-2.7988448,0.0,288.0,238
TGGCATTCACGCTTCTGTAC-1,2,0.52736926,-1.7897241,0.0,262.0,215
AAGTCCTCCTCGATATGTGC-1,1,3.6331334,0.4541371,0.0,261.0,221
GAGAAGAACAGCCAGCTTCG-1,3,4.2602806,-0.8837022,0.0,302.0,250
GGCCGATACGTATTCATATA-1,0,1.0575416,-0.77630997,0.0,284.0,231
GCCGAATAGTTCAATGGTGG-1,0,2.7712374,-1.6062483,0.0,268.0,223
AATTACACACGACTATCACA-1,7,4.689434,-4.3748093,0.0,225.0,206
TCGAAGTACGCGATAAGCAC-1,1,3.75405,2.6207054,0.0,232.0,217
GATATAGCGGCTGATACTTC-1,0,2.6994276,-1.4907178,0.0,272.0,240
ACGTTCTAGCCGCCTCTCGG-1,2,2.6672206,-3.2408607,0.0,234.0,204
ATTAATACAGGTTCGCGCGC-1,2,0.78133136,-1.5468465,0.0,287.0,231
GTAACCTTGTGCGTTAGATG-1,0,2.2879214,-1.89078,0.0,244.0,206
AAGCGCTTAACTCACCTAAG-1,3,4.777587,1.7528099,0.0,232.0,216
TCGGCGCTGCCGACGGACGA-1,0,1.5046068,0.085883304,0.0,262.0,224
TGAGGCGGCCACACACCAGA-1,3,4.971867,0.0071752886,0.0,260.0,213
ACACCTTGTCCTGACCTGGT-1,2,2.8902626,-3.4309974,0.0,258.0,206
AGGAACGGACCGATTGATAA-1,3,4.585004,0.2597454,0.0,257.0,213
GGCATGACCAGGAGCAACAG-1,2,1.870014,-2.3482127,0.0,288.0,224
GAACGCTTAGTACGTTATGG-1,0,4.085689,0.28072235,0.0,264.0,219
AACGGTCTTGCGATTCCGGC-1,2,2.8147738,-3.553031,0.0,244.0,210
AACGTCACACTTACCAAGGT-1,1,3.3417048,2.9609792,0.0,247.0,226
CACTATGAGACTAAGATATT-1,2,-0.24190374,-1.5937841,0.0,244.0,208
TATTGAGGTCTTCACTGGCG-1,2,1.4908502,-3.3323596,0.0,277.0,224
GAGTAGTTCAATGTCCGTGC-1,0,1.1967987,-1.141268,0.0,267.0,215
TTGATATTCCTATAGAAGCT-1,3,5.533674,-1.3805835,0.0,268.0,222
GTTAACAACTGTGAACGAGA-1,0,1.7657855,-0.8564859,0.0,251.0,222
TGAGGTGGTTCTCAACATGT-1,5,-3.1153555,1.4172289,0.0,251.0,222
GCAGTCAGGTAAGTCGATCC-1,4,-3.211757,-1.2069947,0.0,270.0,222
TAACAGCCAACCTGTGAAGT-1,2,0.9841235,-2.003793,0.0,277.0,232
CCGAGATTAAAGAGAGTCGC-1,6,2.6664197,0.5518528,0.0,272.0,217
TCCTTACCGAGCTTAGATCT-1,6,3.3990097,0.452326,0.0,240.0,205
TCAGTACACGGTAATACGTC-1,3,3.7221081,-1.9200643,0.0,282.0,217
GCGGAGCCATGGTATCCTTA-1,7,4.6322765,-4.8834977,0.0,244.0,212
GATGATTGCATACGGACTCT-1,4,-1.7169842,-2.1290224,0.0,245.0,212
ACGTTCGCCATAACATAGCA-1,1,2.4751177,2.1049082,0.0,261.0,231
GCCGTCGAGAGTTGTCTGAC-1,8,0.49075997,2.4644227,0.0,260.0,217
CGCACTCACCCCTGTGAAGT-1,2,2.819584,-2.6253436,0.0,246.0,204
GCTATTACATGCGCAGCACC-1,4,-2.364129,-2.137532,0.0,251.0,211
CTAGGCCACGCACCGAGCAT-1,7,4.212715,-3.1797705,0.0,250.0,216
TACGTTATGGTGTAAGAGCT-1,1,1.3614926,2.7611039,0.0,222.0,206
AAGGAATGTAGTTGCGCCGG-1,4,-0.8776035,-2.1986225,0.0,263.0,205
TAACCGCACAAACTTGCACC-1,2,2.5668302,-3.6379778,0.0,276.0,223
AGTTCCTGTCCTAAGATATT-1,2,2.0480924,-3.041322,0.0,291.0,223
AGATCAAGCTGACTGTTCCT-1,0,3.3568442,-0.38713843,0.0,249.0,214
GCGAACACGGATACTCCTAC-1,1,2.163622,3.2240627,0.0,262.0,219
CATAAGCACTTACAGTACGC-1,0,3.0320582,-0.7724001,0.0,271.0,220
TTCGTCGCCAATTAAGATAA-1,0,4.669577,0.63449645,0.0,266.0,217
ATCGTATAGGTTGATCTTAA-1,6,3.4330032,0.7161678,0.0,261.0,211
AACATATGGCCCTGTGAAGT-1,6,3.0294268,0.06814606,0.0,244.0,204
AGTGCTGTCTAATAATGCAC-1,2,1.4833,-2.9438605,0.0,236.0,206
ATGACTATGCACGACAATAT-1,7,3.8046408,-2.8656921,0.0,266.0,216
AGACTGGAGCTTGATCTTAA-1,0,4.1245666,0.1275518,0.0,258.0,220
GTTAATAATCGTCAGTACCA-1,2,0.31408766,0.4819267,0.0,266.0,235
AGCTATGCTTTTCGCATAAT-1,3,-0.65771264,-3.2141795,0.0,213.0,204
GCTTAGTCGGGCTTCTGTAC-1,0,4.9627714,1.1477401,0.0,231.0,218
CATCGTCAGTTGTTCCAGAC-1,4,-0.618178,-2.7593372,0.0,244.0,213
CGCGAATCAGACGGCCTGTA-1,2,2.9447775,-2.1782084,0.0,242.0,206
GTCCTTGCACCGCTGAATTC-1,2,0.8703451,-2.6602848,0.0,241.0,207
TCGAAGTACGTATATGCGTT-1,0,3.6949427,-1.5312599,0.0,248.0,218
TAGTAGGCCTCTTCCATCCT-1,2,-0.10974482,-1.756783,0.0,249.0,211
CCTTGGATCCATCCACTAAG-1,3,5.5723047,-0.65185857,0.0,247.0,204
AGGATTCTACGCCAGCACGT-1,1,3.273808,3.752704,0.0,226.0,208
ACGTTGAATAGATGGAGTGC-1,1,2.1664455,2.8071816,0.0,266.0,231
AGGCAGTTCCCCGAATCAGT-1,0,3.7038295,-0.086138465,0.0,271.0,237
GCTCTACATATCGCATCTTG-1,4,-2.5417795,-1.697013,0.0,246.0,210
TGTCTGTCCTAATACTCGAT-1,0,0.55038387,-0.20992608,0.0,240.0,220
CAGCGCTGAGTATGAACAGC-1,0,2.1076446,-1.6525325,0.0,253.0,210
TCGAACGCCATGCAAGATAC-1,8,-0.23433179,1.6793922,0.0,220.0,203
GATCCGAGGCATACTCCTAC-1,0,3.1367083,1.8666062,0.0,261.0,208
GTGGTGCATCACCTCTCCTG-1,7,4.7863936,-4.7471943,0.0,231.0,203
ACATTCCGTTAGATTGCTCA-1,1,1.1217537,3.5519414,0.0,218.0,204
CACCGAGCATTTCACTGGCG-1,1,3.1950145,3.9998405,0.0,243.0,213
CCTCATGCCAAAGTCACGGC-1,8,0.036140285,1.5936719,0.0,225.0,205
TGCTAAGCCGGTCGGACCTC-1,0,3.2442265,0.013193633,0.0,279.0,230
TCGCGTTAGGTGACGTCCTT-1,2,0.48693043,-1.7912728,0.0,239.0,205
TGGTTCGGACGCTTAGTCGG-1,0,2.3837938,1.5662884,0.0,247.0,210
TGGCCTTACCGTGTCACGAG-1,3,4.5941195,-2.8005638,0.0,233.0,206
AGCACAGTTGTTCGTAGCAC-1,5,0.6733348,1.0401305,0.0,226.0,202
TAACATCTAGCATCGGCATG-1,0,3.5861971,-1.2047931,0.0,265.0,205
TTATTCACTCGAACGAATTC-1,8,1.6161164,0.261408,0.0,256.0,222
GGCTCCGCTGCATCGGCATG-1,2,0.31062418,-1.6231002,0.0,241.0,206
CTTCACGTTACCTGCGAACA-1,0,1.1549822,0.46202725,0.0,239.0,209
GATAGGCACCCCTGCTTAGT-1,0,2.5813084,-1.1523228,0.0,252.0,203
GCCATCAGGAGAGTAGATTG-1,2,3.8713307,-1.6998174,0.0,249.0,230
CGCACTGGATACAGTTCATT-1,7,3.7266421,-3.024251,0.0,224.0,201
GAGAACGTGTTACGCCGATT-1,0,0.30711135,-0.41669086,0.0,219.0,204
CGAGCAGGTTATGGAAGGCC-1,2,2.177639,-2.5819135,0.0,270.0,227
TAGTCTACACAGCCTCCTAT-1,2,1.1484979,-2.7165608,0.0,235.0,207
CACCTCCAATTACGTTATGG-1,7,4.3445034,-4.1500683,0.0,269.0,203
TGACGGCCGGATTATTGTGC-1,1,4.104173,2.2505085,0.0,238.0,206
GATTCCTCAAAATAATGCAC-1,2,-0.05242024,0.21718022,0.0,248.0,210
GAGAGAAGCGTATGGCATAG-1,8,0.18237315,1.6855627,0.0,222.0,201
TGGTATTGTCATGGCGTGCG-1,0,4.3090363,1.1005296,0.0,243.0,206
CCGGTCATGTTCTTCATCTC-1,1,2.1774588,2.4883008,0.0,219.0,202
ATGGAACAATTGCAGTGGTA-1,8,0.74265087,1.5102928,0.0,237.0,210
TCCTCCTGGCGGCTCCAAGC-1,0,3.308344,-1.1198324,0.0,225.0,205
GACGTCAATGAGCACAGTTG-1,7,3.6384642,-2.6950831,0.0,260.0,201
TCGTGACAAGTAGGCTCAGG-1,3,5.3639493,1.3334169,0.0,246.0,213
AGTAAGCTCTTGTAAGAGCT-1,1,2.9314842,3.3149292,0.0,238.0,206
GTAACCTTGTAAGTCACGGC-1,8,-0.1232836,1.9950093,0.0,208.0,203
GCGGAACTTGGAGTAGATTG-1,0,4.914411,1.390263,0.0,232.0,215
CTATGTATAAACTACGGTCG-1,6,3.1493106,-1.9279231,0.0,246.0,211
GACAGTTAGGCAATCTCATG-1,0,1.3489488,0.09601143,0.0,244.0,208
GTGCGGTTCAAGGTTAGGAG-1,0,3.1517327,-0.6914495,0.0,242.0,214
CAATCTCATGGATGAGAGGT-1,3,5.923581,-1.0912591,0.0,237.0,209
AACCTAGTAGGTCAGTACCA-1,2,-0.19629,-1.5515163,0.0,241.0,214
ACCTCTCCTGAGGTTAGGAG-1,3,5.8782215,-0.96298444,0.0,221.0,202
