BARCODE,Raw,UB,GN
CGATCGTCAGGAAGACAGAC-1,2589,2145,1007
GCAATGCGAGTACGTTATGG-1,2559,1898,489
AGACCGCGAAGCGAACACGG-1,1698,1396,708
GCGGAGTGGAGTTGGATCCT-1,1564,1284,722
TGAAGGAAGGTCAATGGTGG-1,1622,1263,749
AACGGTTGAGGCGCAGCACC-1,1500,1197,656
GCGGAGTGGACGTTCGATGG-1,1465,1109,694
GCCGTGATCTAAGATTAACC-1,1203,994,618
ACGGCACTCCTAATCGGTGC-1,1213,948,526
ACAGATCTATATACTCCTAC-1,1212,943,608
TAGGAACTCGCGTCCGCTCT-1,1148,914,487
TATATCACACAGCAAGCGAC-1,1081,911,340
AGGAGCTCCAACGGTACCTC-1,1061,885,572
GACAATTGAGGAGTAGATTG-1,1147,879,549
CCGGTCACTAACAGTTCATT-1,1026,845,535
GTGATATAGTACGTTGAATA-1,1024,817,523
GCGAACGATCACGACAATAT-1,1015,805,522
TCGCTTCAAGTCCTCGTGCG-1,971,802,500
GTGCCGTGTTAACGAGGTCC-1,996,786,450
CTCGAACCTTATATTCTCAC-1,979,778,505
TGAGCATAACCACATGTTAC-1,952,777,527
ATATTGATATGCTTCTGTAC-1,958,754,491
TGTCCTACCTCAGCGAAGTC-1,915,754,445
CTCGAACCTTGGAACGTGCC-1,925,750,443
ACAGGATAGAAGTTGTCGAA-1,912,744,478
GAAGAGCCTTCTCAAGTCGC-1,912,728,447
GCCGCACGCAATGACGGATA-1,857,709,484
ATGCACTGGTGTGGACAGGA-1,815,677,438
GATGATTGCATATGAACAGC-1,827,676,453
AATAGTAGTGATGTTCTATA-1,809,668,425
TGGTGAGCCTGAGGTGCCGC-1,826,666,442
AACAGACGACTCCTCGTGCG-1,866,661,466
CATTCACACAATTACCGCGT-1,800,650,399
AGGCATACTCTCTGTTCATA-1,819,650,365
GTGGAGCTACTAATCGGTGC-1,810,650,445
TTCGTGTACGTGCTCAGAAG-1,781,648,424
ACATCATTGCGACTATCACA-1,821,642,395
CTTCGGCCGGCCTGCGAACA-1,789,639,430
AGCACAGTTGCTATCGCCTT-1,790,632,393
TTAGGCTATGCTCGATTGGT-1,767,631,434
GACGTATAACGTTACGCGTC-1,825,622,427
GGACGTGGAATAATCGGTGC-1,764,618,409
CTCAGAGGCGTCAATGGTGG-1,767,617,398
GCCTCTCAACGTTGGATCCT-1,741,613,377
GGTAGGATACGACTTACTCT-1,710,588,390
CTACTCATCCTAACATAGCA-1,717,584,387
CACGTGCCGGTAGGCTCAGG-1,760,583,376
GTTGCGCCGGGTCAGTACCA-1,729,581,337
AAGTCACGGCACACACCAGA-1,728,579,371
AGCCTCCTATTTGACATCTC-1,741,574,354
AAGACTGTGGATGGCGTGCG-1,667,563,410
ATGGTTCTAACGTCCGCTCT-1,712,560,364
CGTTCGATGGGTGTCACGAG-1,692,554,343
ATCGGACAAGGTAGACGGAG-1,667,552,355
TAACATAGCATCTCGCGACC-1,693,549,374
CATCTATATACATCGGCATG-1,676,549,356
TTGTCTGCAGTATTACTCTC-1,676,548,349
GTTGTATGCATATCGGAATA-1,667,541,345
CGATACTAGCGCTTAGATCT-1,643,540,353
AACAGCATAGAGTCGTCCTA-1,619,539,322
AGTGGACACCCAATCTCATG-1,665,538,356
TCAACCGCTCCGGCAGAGTC-1,637,532,332
GTGACTGTACACATATGCGA-1,685,531,341
CTTGTCTAGTTCGCATCTTG-1,634,530,323
TTACTATGTGACTACGGTCG-1,689,529,331
GGCCTGCACAGTGTCCATAC-1,671,528,335
CACGTACCAAAATCAGTGGA-1,650,528,364
TCGTGGCAGATATCATCTCT-1,641,520,343
CTTGGCCAATCTCTCCATAG-1,633,516,342
AAGATGGCCTTATGAACAGC-1,609,505,317
CATACGCCATTAGGCTCAGG-1,620,505,348
TAAGCGTGGCAGCGATCCAT-1,609,504,298
ACCAATTGTAAATTAATCTG-1,622,502,323
TCGAAGTACGCCGTGCAACC-1,592,498,280
TGAGGCCAATACGGCCTGTA-1,607,495,332
GCGGTACAAGGGAGCAACAG-1,612,494,352
CCAATTCATCAAGTTGGAGG-1,599,492,320
CGTATCGCCTCTTCCATCCT-1,618,489,300
GAACTGCTCCATGATCATTA-1,604,489,308
GTATATGAAGTCTTCATCTC-1,597,488,306
CGGCGTGTAAAGCCTCCTAT-1,618,488,301
AGACCGTCGTTTCTATCAGC-1,604,487,317
TAGTTAGACGCTTGTAGCAT-1,595,487,309
CACTCTTAACAATTCGAAGG-1,591,485,336
GTAATATTACTTGAGCCTGA-1,626,485,320
AATACACGTAGGTATCCTTA-1,586,484,287
AGGTGTAAGCACCAAGCCAG-1,614,483,288
TCAGTACACGCTTCTTCGTA-1,586,480,297
GTGACATACATAGGCTCAGG-1,612,480,328
ACATGCCTGTCATGGACTCC-1,622,478,344
CCTGATCGCATTGAAGAAGC-1,565,470,310
GAGAACGTGTTTGACATCTC-1,553,469,277
ACAGATTGTTCATGGACTCC-1,563,468,292
AGAAGCGTATCTATCGCCTT-1,569,465,322
CCAATTCATCTGTGTGTAAC-1,558,462,113
AGTTGACGTTCTTCGATGGT-1,606,460,318
TAGTTGTCACACCAAGCCAG-1,574,460,319
TCAATGGTGGGTTACCACAT-1,553,459,303
AATCGCGCAGTCGACATCGA-1,584,458,286
ACGAGACTTGGCGCGCCGAG-1,540,456,294
ACATATGCGAACTGGTAAGA-1,552,451,281
ATACATGGACCATCGGCATG-1,541,450,316
CTCGAACCTTGTAATACGTC-1,530,449,279
GCACCGCATAGGAGGTCCAA-1,535,449,306
TAGGAACTCGGCTAGTAGAA-1,611,448,272
AACGAGTATTAGACCGTCGT-1,570,448,283
TCTGGATAGTTGGAGCTCAG-1,540,447,304
CCTGAATTCTGCGAACACGG-1,524,446,296
TTATTATCAGGTTGTTCTCT-1,556,444,305
AGCTTAGAGTTGACTTCGTA-1,553,442,285
CTTCGACCAACTCACTGTAG-1,530,442,278
ATTAACCGGCAATCAGTGGA-1,571,439,273
GCCGGACCGAACATATGCGA-1,532,438,286
AGTCCAACTGGCAGGTATCC-1,522,437,312
GTAACCACCGCGAATATAGG-1,520,437,300
CATAGTATTATTGAAGAAGC-1,544,436,304
TGGAGAACTCTGCAGTGGTA-1,508,436,304
CATAGTATTAAGTAGTTACG-1,564,432,225
TGAGGCCAATCAGCAAGCAG-1,519,432,259
GTTAAGGTGATCCTCCTGGC-1,525,431,303
CTTCGGCCGGCTCAACATGT-1,531,431,281
ACGACTATTAAGCAAGCGAC-1,541,430,274
ATCAGAGTCATGTTCACTAG-1,550,429,308
TTGTCGGTAAGAGTAGATTG-1,522,429,130
ATATCACGAACACATGTTAC-1,558,428,276
GCCTGAGTATGAGTAGATTG-1,563,427,296
ATATTCTCACTGTTCACTAG-1,561,426,307
TTATCGATGGAAGTCGATCC-1,553,423,290
AAGTGCTGGTACTGCACAGG-1,536,422,274
AAGTTGGAGGGACTGTTCCT-1,514,420,264
CATCGGCATGTACGTTATGG-1,497,419,160
CGAGCTGGAACGCACTGGAT-1,494,418,282
AGGATTCTACCTCAAGTCGC-1,527,414,280
TACATGTGCCGTTACCACAT-1,504,413,261
AGTTCCTGTCCAGTGTATGC-1,527,411,276
GTACATAGGCCTTGCCTACA-1,507,411,297
GAAGGCAAGCCTTGCCGCGC-1,491,410,302
TCCTGGTCGGTGGAGCTCAG-1,480,410,284
TCATCCTTGGTCACGAATCC-1,546,408,261
GTAGGATCAGTACAGTACGC-1,494,408,207
AGATCAAGCTCTTCCTACAG-1,479,408,277
AATCGATAGGGTACATAGGC-1,499,407,284
GGAGGTTGGTAGTTCCTGTC-1,536,407,249
TCCTGATCAATTGAGCCTGA-1,486,406,226
TGGTATTGTCGCTCTCGGTT-1,506,406,266
ACGTAGATAATTCCACTACA-1,490,405,261
GTTAATAATCTGGTATTGTC-1,505,404,262
GGCACGTTCGTTGACATCTC-1,476,400,268
CTTCTATCGACTCTAAGCAT-1,502,399,254
AGCAGGCAGCGCAGGTATCC-1,469,398,279
ATCAGTTAACACGTTGAATA-1,497,397,268
TGGACGTGACGCGAACACGG-1,495,396,255
ACGCCTCAGTGGAACGTGCC-1,495,393,269
CGCGAGGACCAGTGGTGGTA-1,510,392,283
CAGATCGGTCGCCGCAATAG-1,465,390,239
ATAATGTAATTGAGGTGGTT-1,493,389,256
CGATAAGCACTATCGCGCCA-1,482,389,265
TACGCCGATTAATGCCAGTT-1,506,388,251
CGTCTAAGCACAGCAAGCAG-1,463,385,273
ATAGCAGGTAGATGAGAGGT-1,483,384,267
GTGACATACAGCCTCTGGCT-1,469,383,261
AGAGAGGACATGTGTAGCCG-1,493,380,259
ATGGTACCGACATATTAGGA-1,513,380,230
GACGTATAACATGACGGATA-1,469,380,225
CCAGAATTAGAATGCCAGTT-1,503,378,269
AGACTGGAGCGCAGGTATCC-1,465,378,211
AGTGTTGCTTGCGTTAGATG-1,448,377,236
AGCAAGCGACTGTAAGAGCT-1,499,376,252
TCTCGCGACCCACTCAGTCA-1,460,375,113
TTCCACTACACTTCTTCGTA-1,460,375,250
TTATGGCCAACAAGAGGTCA-1,482,374,244
TTGTCTGCAGCACCGCTAGT-1,461,373,233
AACAGACGACCTTCGGCCGG-1,444,373,245
AACCATATACAGCCTCCTAT-1,488,372,251
CGCACTGGATATACCGAGCT-1,451,372,262
AGTCTATCGTATTATCTAGC-1,474,371,228
TATGGCATAGATATTCTCAC-1,456,371,235
GCAGGTATCCGACTCTCCAA-1,453,369,251
AATACCTTCCAGCACAGTTG-1,462,368,261
CCTAGTGTGGAGAGCGGCAA-1,462,368,248
TGACTGTCAGAGTAGTAATA-1,451,367,254
TTCCTCATAGTCGCATCTTG-1,470,367,220
GGCTATCGCGCTCGCAGGTC-1,484,366,238
GCTTCCTAACGCTCAGCTGG-1,457,366,244
CGACTTAGTGATGTTCTATA-1,468,365,234
CACGTACCAAACACACCAGA-1,449,364,240
GCGCGTGATGAACGAGTATT-1,476,364,276
AGTCCATCCAGTTACGCGTC-1,448,364,206
GTGTTGGAACCGGCGATACC-1,487,363,246
ATTATGAATATGGATTAGAC-1,453,363,246
TAAGGTATTCCACCGAGCAT-1,449,363,260
CACGGATCGAACCTCTCCTG-1,450,362,279
CGTACGTAGGCTCTAAGCAT-1,467,361,232
GACGTATAACAAGTCACGGC-1,443,361,205
GATGAGAGGTGCGCAGCACC-1,428,361,246
CGTTCTACGAGGAGGTCCAA-1,465,360,243
AAGACTGTGGGATGGAGTGC-1,484,360,236
CTAGCGGCATCATCAGTTGG-1,457,360,228
CTGCTAGTGGGCCTCCGGTC-1,422,358,216
CTGATACTTCTTCACTGGCG-1,423,357,259
AGATCAAGCTAGATTGAGAG-1,427,356,230
TTCGTGAATAGCTGCTCTTC-1,436,355,227
ATCGATTCTGGTAACGACGC-1,454,354,248
AGTAGTAATATAGTTGTCAC-1,442,353,262
ATTAAGATAATGCTGCAGTA-1,445,352,239
AACACTCTCCTTACTGCCTT-1,427,351,234
ATTATGAATAATGTTCTATA-1,480,350,260
TAATCTAATATGGACGTGAC-1,462,350,215
GCGAACACGGCATCAGTTGG-1,421,350,218
GACTCGCTAGGTGGACAGGA-1,434,349,216
CAAGCAATTCGCGAATCGAC-1,439,348,236
CCTGATCGCATCCTGATCAA-1,422,347,205
GTAACGGATGACCTCTCCTG-1,429,345,217
TTATTCACTCAATTCGAAGG-1,410,345,186
AATATTATGGTGGAGCTCAG-1,429,344,223
TGCGGTTACGACGGTACCTC-1,475,344,225
TACGCTTCGAGTGCGAACAT-1,418,343,237
CGGTCCAAGGGGAGTACGTA-1,414,342,192
AAGCGCTTAAGCGGTGCAGA-1,454,341,240
GGCTCGTATACCGGTGGACA-1,429,341,212
ATAGGAGTCTCTTCCTACAG-1,406,341,218
AGCGCTGGACCTTGACTCAA-1,401,341,235
CATTGTAACGTGTCAGGCAC-1,407,341,229
GAATGTAGGCCAAGAGGTCA-1,446,340,233
GATTACAATGTATCATCTCT-1,401,340,202
AATTACACACAACGAGTATT-1,435,339,237
CTATCTCCGGTAATCGGTGC-1,410,338,234
AAGTACTAATACTGCACAGG-1,418,337,220
CTCTATGCTAGTAATACGTC-1,429,337,218
TATCGCGCCAGCCAGCACGT-1,408,336,218
CGCGAGCGATCTTCGGCCGG-1,409,336,246
GTCGAAGTCAAAGGATTGAT-1,445,335,243
GCATATACAATTAACGTAGG-1,440,334,217
CTTGTGGTTGCTCACTGTAG-1,430,334,230
AATACGACCTGTGGACAGGA-1,435,333,232
GCAACAGAACTTCTATCAGC-1,408,331,230
CAGTCCAGGATAGTTAGACG-1,427,331,212
TCAATCGTCCAGACCGTCGT-1,384,331,243
TTAACGTAGGCGGCGATACC-1,415,330,240
CTTCGACCAACGATAAGCAC-1,421,330,241
AGACTCGACGCTTCCATCCT-1,396,330,232
GTACCGCAGCGTAATACGTC-1,417,330,208
CATCAACGTACTCACAGCGG-1,405,329,220
TGTAGCGTAACACATGTTAC-1,423,328,215
CACATGTTACCGAGGAGTCA-1,413,328,217
ATCTCCAGAATCCTCGTGCG-1,416,327,210
AATAGTTGCATCCTGGTCGG-1,405,327,255
GAGCATAGAAGTCAGTACCA-1,387,327,203
GCCTGGAAGCTATTCATATA-1,415,326,212
GCGGCGCACTCAAGCTGAAG-1,399,326,232
TCGACATCGACACATGTTAC-1,429,325,205
GCTACGTCATAAGATCAATT-1,413,325,207
TTAGGCTATGTAGGCTCAGG-1,410,325,234
GGCTTGGTGCAGGAGCTCCA-1,392,325,217
CACACTATACTCCGACCGTA-1,400,325,190
GTGACATACATTCTCCTGTA-1,389,325,209
GCGGAGTGGACGTCCGCTCT-1,418,324,239
GCTCGGAACACCATAAGGAG-1,410,324,212
CTACGTAGGTCACATGTTAC-1,405,324,222
CGAATATAGGCGCACTGGAT-1,384,324,227
CAGAGTGCCACGCCTCATCT-1,405,323,212
ATGGAAGGCCGCCTCTGGCT-1,413,323,230
AACATTCCTCTTAACGTAGG-1,398,322,229
CCACTGGATTTCGATGCGCG-1,398,322,206
GAGAAGAACAAGTGGACACC-1,399,321,208
TCCGTGGCTGGAAGACAGAC-1,406,321,228
GAGAACGCTACAGCAAGCAG-1,417,320,231
TAGAAGGAGGTACGGACTCT-1,385,320,213
TTACGTTCAGCGTTCTACGA-1,403,319,225
AATACGACCTAAGATCAATT-1,399,319,197
ACGTCTTATAATGGCGTGCG-1,379,319,210
CTGATACTTCGTAACGACGC-1,403,318,185
CGATCTCGTATCATCGGATT-1,398,317,239
TTCGTCTAGCGTTGTTCTCT-1,394,317,207
ACACGCCGAATTCTCACTCC-1,411,316,210
ATCGACATGCGGACACTCTT-1,384,316,217
TTAACCTACCTGTTCCAGAC-1,406,315,207
ACGATGATCGGTTGTCTGAC-1,397,315,184
TGAAGCAACCTTAATTGCTC-1,376,313,224
CACAGAAGCCCTTGCCGCGC-1,390,313,207
ACTAACCGTACTGACCTGGT-1,416,313,202
ATCCTCATCACACTCAGTCA-1,391,313,188
AGCTTAGAGTATTATTGTGC-1,388,313,222
AGACTTACGTGGAACGTGCC-1,378,312,224
CACAAGGTCTAAGTCACGGC-1,375,312,225
TGAGCATAACTGGTATTGTC-1,393,312,217
CTATGTATAAGACATCGGTG-1,389,312,197
GCTCTTCAATCTCTCCATAG-1,388,311,207
TTGTCAGTGGGCCGGTTGTA-1,413,311,232
TGGCATTCACGCTTCTGTAC-1,415,311,208
GGAATGCCACAATTCCAACC-1,402,311,194
AAGTCCTCCTCGATATGTGC-1,381,311,215
GTATATGAAGCTCTAAGCAT-1,399,310,185
GAGAAGAACAGCCAGCTTCG-1,388,310,243
GGCCGATACGTATTCATATA-1,390,310,225
TACTGCAATGCGGCGATACC-1,392,310,177
GCCGAATAGTTCAATGGTGG-1,364,310,217
AGCTATGCTTCATCGGCATG-1,354,310,185
AATTACACACGACTATCACA-1,407,309,204
TCGAAGTACGCGATAAGCAC-1,375,309,214
GATATAGCGGCTGATACTTC-1,375,309,235
ACGTTCTAGCCGCCTCTCGG-1,377,309,200
ATTAATACAGGTTCGCGCGC-1,376,309,223
GTAACCTTGTGCGTTAGATG-1,394,308,199
AAGCGCTTAACTCACCTAAG-1,376,307,213
TCGGCGCTGCCGACGGACGA-1,377,307,218
TGAGGCGGCCACACACCAGA-1,385,306,209
ACACCTTGTCCTGACCTGGT-1,388,306,204
AGGAACGGACCGATTGATAA-1,383,304,211
GGCATGACCAGGAGCAACAG-1,411,304,218
GAACGCTTAGTACGTTATGG-1,392,304,214
AACGGTCTTGCGATTCCGGC-1,360,304,207
AACGTCACACTTACCAAGGT-1,365,304,219
CACTATGAGACTAAGATATT-1,395,304,204
GCGCTGTGCCAGATTGAGAG-1,361,304,197
TATTGAGGTCTTCACTGGCG-1,386,304,217
GAGTAGTTCAATGTCCGTGC-1,392,303,209
GTAACGACGCCATGCTGACT-1,376,303,181
TTGATATTCCTATAGAAGCT-1,377,303,218
GACCAGAATATGTGTGTAAC-1,361,303,189
GTTAACAACTGTGAACGAGA-1,374,303,215
TGAGGTGGTTCTCAACATGT-1,373,303,214
GGATGTGCTAAGTCGACCAT-1,386,302,189
GCAGTCAGGTAAGTCGATCC-1,365,302,219
TAACAGCCAACCTGTGAAGT-1,363,301,226
CCGAGATTAAAGAGAGTCGC-1,392,300,213
TCCTTACCGAGCTTAGATCT-1,367,300,199
TCAGTACACGGTAATACGTC-1,380,300,211
TAATCCGTCGAACCTTGCGG-1,353,300,191
GCGGAGCCATGGTATCCTTA-1,399,300,203
GATGATTGCATACGGACTCT-1,386,299,209
GAGATGTTAGCAGTGTATGC-1,368,299,184
ACGTTCGCCATAACATAGCA-1,370,299,227
GCCGTCGAGAGTTGTCTGAC-1,361,299,214
CGCACTCACCCCTGTGAAGT-1,365,298,201
GCTATTACATGCGCAGCACC-1,374,298,206
CTAGGCCACGCACCGAGCAT-1,409,297,213
TACGTTATGGTGTAAGAGCT-1,371,297,202
AAGGAATGTAGTTGCGCCGG-1,382,297,199
TAACCGCACAAACTTGCACC-1,347,297,221
TATCTTGGTCTCCTCCTGGC-1,374,297,192
AGTTCCTGTCCTAAGATATT-1,387,297,220
AGATCAAGCTGACTGTTCCT-1,367,296,210
CCTGTTAATGGTTGCGCCGG-1,385,296,195
GCGAACACGGATACTCCTAC-1,360,296,213
GCCGTACGGTTCCTGGTCGG-1,362,296,193
CATAAGCACTTACAGTACGC-1,382,296,215
TGCTGCAGTATAACAGCCAA-1,348,296,175
AGCGAACTGTCATGCTGACT-1,370,295,175
TTCGTCGCCAATTAAGATAA-1,367,295,208
ATCGTATAGGTTGATCTTAA-1,367,295,208
GATTCCTCAATGTTCACTAG-1,373,294,176
AACATATGGCCCTGTGAAGT-1,376,293,201
AGTGCTGTCTAATAATGCAC-1,372,293,200
ATGACTATGCACGACAATAT-1,367,293,214
GTTGTCTGACTTAACGTAGG-1,351,293,191
AGACTGGAGCTTGATCTTAA-1,374,292,217
GTTAATAATCGTCAGTACCA-1,358,292,227
ACCAATTGTACAGTCCAGGA-1,356,291,196
AGCTATGCTTTTCGCATAAT-1,356,290,195
GCTTAGTCGGGCTTCTGTAC-1,342,290,213
CATCGTCAGTTGTTCCAGAC-1,348,290,205
CGCGAATCAGACGGCCTGTA-1,352,290,205
GTCCTTGCACCGCTGAATTC-1,356,289,201
TCGAAGTACGTATATGCGTT-1,373,289,213
AACTTGCACCGTAATTGACA-1,364,289,192
TCGAGCCTTCGATATGGCAA-1,342,289,192
AGGCGCCATGGATAATGATG-1,358,289,187
TCGTAGATCGTTACCAAGGT-1,347,289,180
GGTGATTACGGTAATACGTC-1,361,289,190
TAGTAGGCCTCTTCCATCCT-1,370,288,211
CCTTGGATCCATCCACTAAG-1,359,288,202
AGGATTCTACGCCAGCACGT-1,339,287,205
ACGTTGAATAGATGGAGTGC-1,345,287,230
AGGCAGTTCCCCGAATCAGT-1,352,285,234
GCTCTACATATCGCATCTTG-1,343,285,205
TGTCTGTCCTAATACTCGAT-1,317,285,213
CTAAGATATTTAGCTGCTAC-1,364,284,189
ATCAGAGTCAACCTCTCCTG-1,352,284,179
CAGCGCTGAGTATGAACAGC-1,339,284,201
CACTATGAGAATACCGAGCT-1,370,284,189
TCGAACGCCATGCAAGATAC-1,348,283,201
CGATGAAGTGCGAGGTTAAC-1,350,283,180
CCTCGTTGACATTCCGCTCA-1,325,283,92
CGAAGGCAGAAGATTGCTCA-1,338,283,187
GATCCGAGGCATACTCCTAC-1,323,283,203
CGGCGTGTAATTAATTGCTC-1,339,283,191
GTGGTGCATCACCTCTCCTG-1,359,283,199
CTCTGTCTCCGAACGCCGTG-1,345,282,168
GCCTGTGCGTCGTTCTACGA-1,358,282,191
ACATTCCGTTAGATTGCTCA-1,345,282,202
CTCTCACGACCTCACTGTAG-1,337,282,171
TGGACGTGACAACGAGGTCC-1,343,282,176
ATCTGAGATGTGACTTCGTA-1,330,282,196
CACCGAGCATTTCACTGGCG-1,400,281,209
TTACGAACCTTGGTATTGTC-1,360,281,187
GGAAGCACTAATCCACTAAG-1,343,281,188
AATGGAATACGACTCTCCAA-1,331,281,89
AGCGAGAGCTACTGCACAGG-1,340,281,186
CCTCATGCCAAAGTCACGGC-1,339,281,199
TGCTAAGCCGGTCGGACCTC-1,346,281,225
AAGTCCTCCTTCCTGGTCGG-1,343,280,186
GGCACTACTGGTGGACAGGA-1,334,280,196
TCGCGTTAGGTGACGTCCTT-1,351,280,200
TGGTTCGGACGCTTAGTCGG-1,344,280,208
GCCAGCTTCGATAACATACG-1,325,280,190
CAAGCCTTAGGTTAAGGTGA-1,370,279,181
GTTAATAATCGTTGCGCCGG-1,325,279,179
TGGCCTTACCGTGTCACGAG-1,340,278,204
AACACCTGATCCGGTGGACA-1,325,277,170
AGCACAGTTGTTCGTAGCAC-1,356,277,199
TAACATCTAGCATCGGCATG-1,354,276,201
GCTAAGTACTAGTTGTCGAA-1,335,276,190
AAGGTACATAGTTACGCGTC-1,361,276,176
ACATTCCGTTTAGCTGCTAC-1,353,276,179
AGTGCTGTCTAGCGATCCAT-1,343,275,188
TAACATCTAGGAGGTGCCGC-1,338,275,190
TCGAACGCCAGCACTTCACG-1,338,275,191
TTATTCACTCGAACGAATTC-1,352,275,220
TCCGACCGTACTAGACACTT-1,346,275,177
GTCTAATGCAGTTAAGGTGA-1,343,274,178
GGCTCCGCTGCATCGGCATG-1,345,274,202
GTTAAGGCTTGTTACCACAT-1,344,274,181
GGCCGATACGACCAATCTAA-1,347,274,187
TCCGTGAAGCATTATCTAGC-1,340,273,180
GAAGAGCCTTGCAGGTATCC-1,340,273,193
TATGCCTGATTATCATCTCT-1,337,272,175
CTTCACGTTACCTGCGAACA-1,344,272,208
TCACGCCGCGAGTCGACCAT-1,331,272,186
GGTGAGGTGCCTCTAAGCAT-1,329,271,190
AGATCAAGCTTCCGACCGTA-1,355,271,179
GTTATAGATGACCTCTCCTG-1,350,271,174
TTAGGCTATGGATATAGCGG-1,356,270,174
GATAGGCACCCCTGCTTAGT-1,350,270,198
AGTCGTCCTAACATATGCGA-1,316,270,183
TCTTATGTTAAATCAGTGGA-1,372,270,189
GCCATCAGGAGAGTAGATTG-1,327,270,223
GGAATCAGTTTTAACGTAGG-1,340,270,193
GTCAGGTCGTTTGATCTTAA-1,347,270,194
CGTCTCAGACTCGATGCGCG-1,314,270,193
CGCACTGGATACAGTTCATT-1,378,269,197
GAGAACGTGTTACGCCGATT-1,319,269,202
CGTAGACACTACATCATTGC-1,337,268,179
AGAACAGGTCTCGATGCGCG-1,339,268,175
CGAGCAGGTTATGGAAGGCC-1,358,267,224
CATTCACACAACTTCAACAC-1,331,267,169
GGTACACCACTATATGCGTT-1,349,267,183
TAGTCTACACAGCCTCCTAT-1,343,267,205
CACCTCCAATTACGTTATGG-1,343,267,195
TCGTGACAAGCAAGCTGAAG-1,351,267,181
CATCCTGCACGGCTCCAAGC-1,330,266,189
CGGTTGGTGGGTCTCACAGT-1,327,266,183
ATGCGCTAATTTCGTAGCAC-1,344,266,180
CTCACTGTAGACCAATCTAA-1,307,265,159
GAATTAGAAGGTAGACGGAG-1,364,265,178
GATGGAGTGCTCTTGGAGAC-1,324,265,176
TCGATGCGCGTGTCAGGCAC-1,342,265,169
TGACGGCCGGATTATTGTGC-1,320,265,201
CGGTAGACACGTCTCACAGT-1,321,265,165
ACTTCGGATAAATTCGAAGG-1,319,265,193
TTCAGTAATCCTCGCAGGTC-1,317,265,179
GATTCCTCAAAATAATGCAC-1,331,264,207
ACGTAGATAAGTCAGTACCA-1,349,264,198
CAGCCAGACGCATAGGACTG-1,329,264,190
GAGAGAAGCGTATGGCATAG-1,321,264,197
GCTAGAAGTTAGAATTCAGT-1,322,264,194
AATTCTAATTCTATCACTAG-1,306,263,177
CTTGACTCAAGTCGTCGATC-1,332,263,186
TGGTATTGTCATGGCGTGCG-1,327,263,201
CAACATATAACGTACCGCGA-1,322,262,188
CCGGTCATGTTCTTCATCTC-1,343,262,198
ACGTTCTAGCATTACCGCGT-1,312,262,177
ATGGAACAATTGCAGTGGTA-1,343,261,207
GTTATAACGCTACAGTACGC-1,318,261,176
TCCTCCTGGCGGCTCCAAGC-1,340,261,199
CAGCGCCTTGGACTCACCTT-1,351,261,190
AGATCGCTGTGTCACGTGCT-1,325,261,195
GGTGGAAGGTTGTGTAGCCG-1,306,260,178
AGAGCGGCAACGGCAGAGTC-1,326,260,163
AGACCGTCGTTCACGAATCC-1,321,260,155
GACTGTATGGCACCGCTAGT-1,336,259,163
GAGGCAAGTCATCCACTAAG-1,336,259,184
GACGTCAATGAGCACAGTTG-1,365,259,198
TCGTGACAAGTAGGCTCAGG-1,317,259,209
CCGTGCAACCAGATTGAGAG-1,319,259,175
AGTAAGCTCTTGTAAGAGCT-1,302,259,199
AACGGTTGAGTGACTTCGTA-1,320,258,173
TCTTCCACAGTTGAGCCTGA-1,317,258,181
GTCCTTGCACTGCAGTGGTA-1,332,258,193
CTATCGCCTTAACGAGGTCC-1,309,258,183
GTAACCTTGTAAGTCACGGC-1,336,257,200
AGAACAGGTCACCGACATTA-1,308,257,173
CCAATAGGCAGCGAATCGAC-1,286,257,180
ATTAGTGGTCAAGGAATGTA-1,306,257,183
GTTAACAACTAGTGTTGCTT-1,315,256,194
GCGGAACTTGGAGTAGATTG-1,311,256,211
TGGTTAGGCACTCTAAGCAT-1,319,256,182
GGTTAGTGGCAAGATTAACC-1,339,255,179
GCTTCTGTACCGGACCACCT-1,310,255,187
CTATGTATAAACTACGGTCG-1,316,255,207
CGATAGTACGTGATGACGTA-1,316,255,178
AGATCTCTTGGTGTCACGAG-1,319,255,179
GGTGTTATAATGTTCACTAG-1,319,255,178
ATATTAACTGGACGAAGACT-1,305,255,166
GACAGTTAGGCAATCTCATG-1,323,254,205
CGCGATACCTCCAGATTCGG-1,305,254,170
TGGTTCGGACTACTCAGGAA-1,328,254,181
ACCTCTCCTGGACGAAGACT-1,316,254,177
TCTTCCACAGCCGGTCACTA-1,313,254,182
CTACTACGCGCTAAGAGTCC-1,301,254,173
ATGTTGAAGCCTTGCCGCGC-1,311,253,171
GTTATAACGCTCATCGGATT-1,319,253,167
GGACGCCATATTCCACTACA-1,304,253,171
ATACCTCCATGTCGTCGATC-1,315,253,183
AAGGTTCAATTAACATAGCA-1,326,252,182
ACGTAATCCTTAACAGCCAA-1,310,252,187
GACTGTATGGTCCTGATCAA-1,300,252,177
GTAGGCGAGGTTGATCTTAA-1,306,252,162
GTCCATATGGCTGTGAGCAG-1,310,252,155
CGTCAACATGTGAGGTGGTT-1,302,252,193
CCGGTCATGTCATAGGACTG-1,306,252,162
AAGTCACGGCGCTCTCGGTT-1,321,252,175
ACGTTGAATACCGGTCACTA-1,306,251,178
CTCAGAGGCGGAAGACAGAC-1,338,251,193
TGACCATCCTGTGGACAGGA-1,297,251,163
CCGATGAGCATAGCTGCTAC-1,323,251,152
ATAGAGAGCCTATAGAAGCT-1,308,251,155
ACACTGAGTCGTAATTGACA-1,332,250,186
AGAGAGGACAGGAGCAACAG-1,308,250,175
CTGATACTTCTCGATGCGCG-1,296,250,157
ATGACTATGCCATCAATTAA-1,286,250,176
TATGTATGGCGAGTAGATTG-1,300,249,174
GACCAGAATAAAGTAAGCGT-1,328,249,154
CTCGTGCATGGAGACAACGG-1,325,249,188
CTCCTCTGTAGGCCTGCACA-1,312,249,173
ACCAATTGTATATGAACAGC-1,319,249,182
GGTATATGCCGCACATAGTA-1,286,249,159
TTCGTAGCACTATTACTCTC-1,324,249,171
GGAACGTGCCACGGTACCTC-1,327,248,193
CAAGCCTTAGAGTGGACACC-1,295,248,166
CACTCTTAACTTCAGTGCGG-1,315,248,184
ATTAACCGGCCAGCGAAGTC-1,304,248,174
GTGCGGTTCAAGGTTAGGAG-1,315,248,210
ACCTACGGCGTAGCTGCTAC-1,333,248,166
CAATCTCATGGATGAGAGGT-1,318,248,207
AAGTAAGTTATAATCGGTGC-1,304,248,160
CTCTTCTCAAGTAGTTCTAG-1,328,248,167
TGTGCAGTTGACCAAGCCAG-1,293,248,169
ACTTCGGATAGCCGCAATAG-1,323,247,192
AACCTAGTAGGTCAGTACCA-1,334,247,210
CTATCGCTGATGTTCCAGAC-1,307,247,186
CCTGCCGCTATTCGCATAAT-1,334,247,171
TCCTGCGAGACCGAGCGATT-1,289,247,153
CCACTGGATTTGTTCCAGAC-1,300,246,177
GGCATTATCGTTCAGTGCGG-1,308,246,196
AGCATGTAACTTCTCACTCC-1,289,246,188
GCAACCGACATTACCAAGGT-1,311,246,167
TGACTGTCAGAATACTCGAT-1,313,245,168
GCGGAACTTGTGTTCCAGAC-1,308,245,178
GTGACCTAACGTAGTTCTAG-1,322,245,171
TATGCTCTCCAGTCGACCAT-1,317,245,175
GAGAACGTGTGATATGGCAA-1,299,245,151
GTAGATCATGCACCGAGCAT-1,309,245,183
CCTTACCACAATCTCGCTGC-1,315,245,186
ATCAGTTAACTCACGAATCC-1,303,245,161
TAACATAGCATGTGTAGCCG-1,292,244,175
ATGATGTTGCATGGAAGGCC-1,291,244,158
CAGCCAGACGCTAAGATATT-1,299,244,180
CCGAGATTAATGGATTAGAC-1,309,244,182
GCGTAGGCTTACGGTACCTC-1,304,244,184
AGAACAGGTCCCTTACCACA-1,272,244,175
TTGTCGGTAATCAATGGTGG-1,286,243,183
AGCGATCCATTACAGTACGC-1,307,243,177
AATCGCGCAGCGATTGATAA-1,289,243,151
ATATTATCCAGGAGCTATGG-1,304,243,186
AAGCGCTTAAACATCATTGC-1,289,243,181
CAGCAAGCAGAGGCACACCT-1,308,242,191
TGTACTGGACTTGAAGAAGC-1,311,242,168
AGGATTCTACCCACTGGATT-1,285,242,149
AGAGCTGTAGGTCTCACAGT-1,299,242,174
CTTGAAGAGATCCGTGAAGC-1,329,241,178
ACCTCTCCTGAGGTTAGGAG-1,318,241,196
TTACGGTTAAGGTGCAACCT-1,316,241,176
AAGACCTAGGCGTACCGCGA-1,290,241,178
GAGATGTTAGTCGACATCGA-1,288,241,177
GACTCGTGTGTCCTGATCAA-1,310,240,175
ATCTGAGATGCGTCCGCTCT-1,287,240,162
GTCTACCTTCATTATTGTGC-1,289,240,162
AGGTGTAAGCATGGAAGGCC-1,284,240,174
ATCTGAGATGATGCGAGCGT-1,280,240,157
CACCGTGTGTTCCAGGTACT-1,288,240,172
CACTTAGCTAAGACTTACGT-1,286,239,158
CACGGTCGTAGCGTACAACT-1,318,239,179
AGTTGACGTTGCTTCTGTAC-1,297,239,171
GTCTACTGACTGGACGTGAC-1,302,239,188
AGTGCTGTCTGATGGAGTGC-1,285,239,159
TCTGGCGCATGCTGTGAGAC-1,286,239,169
GTTGGTACAGGCACATAGTA-1,336,239,163
AGTGCTGTCTCGGCAGAGTC-1,287,239,162
GCTGGCCGTAGTGTGAAGTT-1,292,239,173
TAATATTCAGTGTTCCAGAC-1,292,238,167
AGCCACCATTACGGTACCTC-1,328,238,178
TGATGTCGATAATACTCGAT-1,296,238,186
CAATCTCATGTGGAGCTCAG-1,298,238,171
ACGGCACTCCTGGAGCTCAG-1,292,238,159
GGTGTTATAAATCGAGCGAA-1,291,238,166
GTTAAGGTGAATTATTGTGC-1,308,238,182
GTGGAGTGTCGATTCAGAGA-1,290,238,179
TGAGCATAACCGAATATAGG-1,285,238,183
AGTGTCTAGAGTCGCGATTC-1,281,238,172
CGTTGTAGCAGGACACTCTT-1,282,238,157
GTATTGGCTACGATTCCGGC-1,323,237,160
TACGGTTGCAAGGTTAGGAG-1,289,237,174
GACCTGCGCGCATCAGTTGG-1,274,237,169
TTGAGCCTGAGATAATGATG-1,286,237,155
ACGGCGAGGCAGGAGCTCCA-1,291,237,186
GGCTATCGCGGTAACGACGC-1,300,237,169
TGATGACGTAAACCTTGCGG-1,304,237,167
CAGGTATAAGGTCGGACCTC-1,303,236,152
TGTGTGTAACAATACTCGAT-1,298,236,158
GGCTCGTATAAATTCCAACC-1,294,236,148
CGAGGAGTCATTCGCATAAT-1,297,236,185
AATAGTTGCAAAGGAATGTA-1,304,236,172
ATGTAAGATTCGAGGAGTCA-1,274,236,156
CCAATAGGCATATAGAAGCT-1,292,236,180
GTGCCGTGTTCGATACTAGC-1,269,236,144
ACCTGATCCGATAACATACG-1,313,236,160
CATCGGCATGACGCCTCAGT-1,308,235,163
ACGCATAGTGCGCCTCTCGG-1,290,235,160
ACCTCGTGAAGGAGGTCCAA-1,298,235,173
GATAATACGCTTCTCACTCC-1,270,235,161
CACGGAGACCAGAATTCAGT-1,294,234,168
CACAGAAGCCCTCACTGTAG-1,281,234,159
TGTTCACTAGAATACTCGAT-1,274,234,161
GCTAAGTACTCTTACCGGTG-1,281,234,173
GCAACACGCTGCCGGTTGTA-1,294,234,173
CAGGAACGAGCGAGGAGTCA-1,274,234,145
CAGTGTATGCTGGATTAGAC-1,292,233,169
CATTCCGGCTCGAATATAGG-1,299,233,172
GATTACTACACCTGCGAACA-1,312,233,173
GCTTCAGCGCAATCTACAAG-1,287,233,180
TGTTCCAGACTGTATTCAGA-1,280,233,165
CATCTATATACCGAATCAGT-1,285,233,162
GCTGGATTCCGCTTCTGTAC-1,263,233,147
TGAGTGGTTGCACATGTTAC-1,279,232,159
TGGAGAACTCAGACTTACGT-1,283,232,190
CGCACAGGTATGGACGTGAC-1,280,232,159
TAGGCTCAGGGCACATAGTA-1,278,232,181
GGCACCTTGCGACTGTTCCT-1,292,232,173
GATCCGAGGCCAATCTCATG-1,307,231,186
AAGGTACATATGTCAGGCAC-1,293,231,175
TTATTATCAGGTCGGACCTC-1,288,231,186
AGTTGACGTTGTATTGGCTA-1,306,231,156
TGGAGAGAGGGATAATGATG-1,279,231,150
AGTGCTGTCTTACGAAGTGC-1,292,231,166
CAGATCGGTCGTGTGAAGTT-1,293,231,151
CCTGTGAAGTGGAGGTCCAA-1,288,231,156
GCCGAATAGTTTACCAAGGT-1,289,231,190
CAATTGCACAACGACGTCCA-1,294,231,160
TAGCGCTTCGCTATCGCCTT-1,275,231,154
AATCCGCACTTTGAGCCTGA-1,304,230,166
CGGCGATACCGCTGTGAGAC-1,278,230,171
CAACCGTATAGCAGGTATCC-1,305,230,160
TTCGGACACATATTCATATA-1,266,230,173
GTCTGGTACGTCTGTTCATA-1,268,230,166
CAGGAACGAGAACGAGGTCC-1,294,230,169
TTGTCTGCAGGTGTGAAGTT-1,271,229,149
GCTTATTCTTCTCACTGTAG-1,273,229,89
GATAATGATGCCACTGGATT-1,284,228,183
TTCGCCGCGTGTTGTTCTCT-1,271,228,157
CCATGCTCAGACAGTTCATT-1,258,228,128
ACATACGTCCGACGAAGACT-1,287,228,188
ATAACATACGAACTTGCACC-1,281,227,155
TAATAGTTAAGAGACAACGG-1,308,227,161
GCATTGTACAACGGTACCTC-1,283,227,166
CGACGTTCCTGTTGTTCTCT-1,263,227,169
TTATCGATGGTCTTCATCTC-1,265,227,168
TGAGGCCAATATGACGGATA-1,293,227,165
CCAATTCATCGCTCAGCTGG-1,287,226,145
ACCAATAGCGGTCTCACAGT-1,290,226,170
TATTGTCACAATGTTCTATA-1,263,226,159
CTCGAACTGAATTATCTAGC-1,258,226,146
AGTCCAGAGCCACTCAGTCA-1,292,225,143
GACTGGACGAACTTCAACAC-1,280,225,156
TCGAGCCTTCTAATCGGTGC-1,273,225,180
GTAACGACGCAGATTGAGAG-1,273,225,150
TATAGGCCTAGACTCACCTT-1,271,225,171
TCTTCATCTCCGGCGATACC-1,287,225,145
GACTCGCTAGGATATAGCGG-1,270,225,143
AGTAGTAATAGGAACGTGCC-1,269,225,151
CCTATTGGTGTATAGAAGCT-1,268,224,147
GCAGCAAGACGACCAGAATA-1,283,224,175
TGGTTCGGACAGCAAGCGAC-1,278,224,179
GGTAGCTCATAGGAGCTCCA-1,275,224,149
TTAACGTAGGTCCTGATCAA-1,297,224,156
ACAGATTGTTAGAGCGGCAA-1,295,224,178
GAACCGCCTCTTCTCACTCC-1,313,223,152
CTCACAGCGGTAGTTGTCAC-1,275,223,180
GATCCACTCCGCCAGCTTCG-1,263,223,139
CATACCAGTCTTGAGCCTGA-1,289,223,165
CATCAACGTATAAGCGTGGC-1,285,223,158
ACTGGTAAGACGCTGAATTC-1,261,223,168
TCCAATCTCGTCCGAAGATT-1,268,223,139
GGCCTGCACATACAGTACGC-1,261,223,145
ATATACGCCTATACCGAGCT-1,291,222,174
GAGAAGAACACTCTAAGCAT-1,281,222,184
CGACCTTGGTGTCAGTACCA-1,294,222,153
CCGCAGACTGCCATAAGGAG-1,269,222,155
TCAGCGCAATAGACCGTCGT-1,279,222,154
ATAGAACTGCGCGCAGCACC-1,273,222,173
ACGCAGAGGTCTCTAAGCAT-1,282,221,187
GTCAGGATCGCCTGTGAAGT-1,270,221,160
TAAGGTATTCCGAATATAGG-1,263,221,151
AGTGGACACCTATAGAAGCT-1,261,221,157
CTCTGTCTCCCACATGTTAC-1,271,221,135
CTTCATTATAGGCACTGAGC-1,261,221,137
GCCGGTTGTACGTATCGCCT-1,261,220,149
CAGTGTATGCCGATACTAGC-1,259,220,161
AAGGATTGATGTAGTTCTAG-1,269,219,159
ACCTTAAGTTACAGTTCATT-1,306,219,149
AGTCCAGAGCAATACTCGAT-1,262,219,179
TGAGGAGGAACGTATTGCTC-1,268,219,178
TTCACTGGCGTGTGTGTAAC-1,263,219,178
TTCTCCAGCGCTTCCATCCT-1,265,219,67
TGTCCGCGATATTCCGCTCA-1,263,219,178
TTATTATCAGACAGTCCACC-1,277,219,164
CATGGCAGCGTGCTCAGAAG-1,273,219,148
AACGTATCTGCGATAAGCAC-1,279,218,152
GGCATTCGAAGGCTTCGTCG-1,276,218,152
ATGCGCTAATACGCCTCAGT-1,278,218,144
CATCACTTCCCACTCAGTCA-1,277,218,98
CCTGTTAATGACCGACATTA-1,269,218,140
TGCGCACATGAGGCACACCT-1,270,218,139
ACAGTTCATTAATAATGCAC-1,264,218,146
GATAGGCACCAGACCGTCGT-1,246,218,156
GCAGCCTGTGGCGAATCGAC-1,260,218,159
ACCAGCGCATTGTGTAGCCG-1,249,218,160
ACGAGTAGCTGTGGACAGGA-1,273,217,155
AACCTAGTAGCACTCAGTCA-1,270,217,143
ATGCTCCAGTCTCACTGTAG-1,270,217,139
GTTCGATAACACATCATTGC-1,266,217,163
CTTCCAATGGAGACCGTCGT-1,258,217,146
TCAGATAGATATACCGAGCT-1,276,217,159
TCTGAACCGAGGCACTGAGC-1,269,217,177
AGAGCAGCGGTCGACATCGA-1,270,217,152
CGGACTGAGGTCTGTTCATA-1,296,217,169
GTGTCACGAGGGAGCAACAG-1,272,217,159
GACGAAGACTCTTCGGCCGG-1,258,217,156
CAGCTAATGCAATCTACAAG-1,279,216,169
TCTGTTCATACCTGCGAACA-1,263,216,159
TCAATGGTGGCCAGATTCGG-1,269,216,141
CGTCCGCTCTTCCAATAGAA-1,295,216,146
GTCAGGTCGTCCTTAAGGCT-1,262,216,138
TGTGCAGTTGGACTCTCCAA-1,278,216,164
CGGACTGAGGAGGTTAGGAG-1,273,215,163
GCACCGCATATCTGTTCATA-1,275,215,171
ACACCACCGCTAGTCGGAAT-1,263,215,149
TAATTCGCTGGACTATCACA-1,273,215,132
CCTGTTAATGTATGGCATAG-1,259,215,169
AGATTAAGGATACGGACTCT-1,273,215,174
AGATCTCTTGGGTTGGTAAC-1,249,215,144
TCAGCGCAATCACCGCTAGT-1,281,214,148
GGAGTACGTATGTATTCAGA-1,255,214,170
TCCTGCGAGAACCAAGCCAG-1,274,214,147
GAGCATAGAACAGCAAGCAG-1,278,214,151
GAGAGAAGCGGTCGGACCTC-1,269,214,168
TTGCAGCCGCGAACGCCGTG-1,272,213,153
GTATTCAACAATTACCGCGT-1,267,213,166
TTACTGCCTTCGTTCAATAA-1,276,213,124
ATAGAGAGCCAATTAATCTG-1,256,213,135
TGAGCCGCGCATGTCCGTGC-1,262,213,173
TGAGTCTAGTAGTGGTGGTA-1,271,213,157
TCCGACCGTAGACTTACTCT-1,263,213,137
GCTTAATCAACTCTCCATAG-1,267,213,149
CAGAATCTTCTGCTGCAGTA-1,279,212,170
GTCTACCTTCGAGACAACGG-1,258,212,154
TGCGGTTACGTCGATGCGCG-1,257,212,138
CGGCCTCATCACCAATCTAA-1,260,212,152
GAACCGCCTCTGACGTCCTT-1,265,212,161
CCGAGTTCGAGCCAGCACGT-1,264,211,153
ATCATTCAGCGTCTACCTTC-1,266,211,131
CTGTGAGCAGATCAGAGTCA-1,264,211,173
AATACACGTATCTTGGAGAC-1,298,211,128
ATATCACGAAAGACTTACGT-1,268,211,142
TGCCTGCCTCAGTCGTCCTA-1,283,211,163
GGTGGAAGGTAGCCTCCTAT-1,265,211,139
TATGAACAGCGGAGTACGTA-1,269,211,158
CTCTTCCGGTTGACGTCCTT-1,269,211,166
AATACGACCTAATTAATCTG-1,292,211,147
GCTCTCGGTTGACATCGGTG-1,255,211,157
GGATTCGGCCGAACGAATTC-1,238,211,150
TTGATAGATTTCTTCATCTC-1,271,211,130
CTGAACCACAAGTCGACCAT-1,253,211,157
CCGGTCACTAATCGAGCGAA-1,261,211,162
GCCGCGACTTTGTGTGTAAC-1,257,210,167
CTAAGAGTCCTGTTCACTAG-1,279,210,173
TCTCGCCGATTCGACATCGA-1,251,210,139
GCCAGCACGTCGGACCACCT-1,249,210,163
GCCTCTCAACTGTGTAGCCG-1,255,209,136
CCGGTCATGTCATCAGTTGG-1,260,209,155
CGATTGCGCGGCTTCTGTAC-1,259,209,168
TAACCGCACAGTAACGACGC-1,240,209,150
CAAGAGGTCACAGTGTATGC-1,259,208,143
AATAGTTGCATAGCGCACGT-1,247,208,156
TCACTGCTTCGCTTCTGTAC-1,246,208,123
GCTTCTGTACAAGTTCGACC-1,255,208,139
AAGGTACATAGGCACTGAGC-1,256,208,132
GTGCGTATGTTATATGCGTT-1,257,207,167
TACCTCGTACGCTTCTGTAC-1,260,207,153
GTCTGGTACGATATTCTCAC-1,277,207,165
CTTGACCGGTACATCATTGC-1,257,207,129
CCTAGTGTGGTCGATGCGCG-1,266,207,157
GAGAGTTGATATAACATACG-1,256,207,145
TATCCACAGTATCGAGCGAA-1,255,207,159
GCTTCTGTACACATAGGTGG-1,261,207,155
CCGAGACGTAGGAGGTTGGT-1,247,207,166
GGCCTGCACACGGACCACCT-1,273,206,137
ACGACTATTATTCTCACTCC-1,257,206,120
GGCTCCGCTGTATGGCATAG-1,253,205,162
AATCGATAGGTTACCAAGGT-1,265,205,144
TCTGAATGATGCGTTAGATG-1,266,204,148
CACGTGCCGGACTACGGTCG-1,261,204,147
ATATCTCGTTTGTTCACTAG-1,259,204,133
CGATCGTCAGTATAGAAGCT-1,246,204,128
CTAAGAGTCCGCTTAGTCGG-1,250,204,139
TATGCCTGATCTTCCTACAG-1,247,203,146
TGCTCAGAAGACATATGCGA-1,262,203,161
GTGGCAGGTGTTCGTAGCAC-1,253,203,144
CGAGGTTAACCCGGTCACTA-1,258,203,133
AGTTGTTCGTCTCACAGCGG-1,235,203,137
GTCGAAGTCATCGTAGTCGT-1,232,203,147
TATATGCGTTCTTGCCTACA-1,260,203,177
TGTACTGGACCGGACCACCT-1,225,203,149
ACTACGGTCGCAGTGTATGC-1,229,203,145
TATAAGTATTACATAGGTGG-1,232,203,160
GGTAGCTCATCAGCAAGCAG-1,249,202,109
GGTCCGGTGTCGGCGATACC-1,255,202,141
GGCGGCATGACTTACCGGTG-1,241,202,140
CTCCTCTGTATATCGCGCCA-1,251,202,138
AATTACACACGCCAGCTTCG-1,247,202,153
CTTCCAATGGGCTTAGATCT-1,249,202,138
GATTACAATGATGCGAGCGT-1,248,202,147
ACCTTAAGTTAGACCGTCGT-1,234,202,136
CGCTGAATTCAGACCGATCG-1,264,202,149
AGTTCACTCAGGAGCAACAG-1,260,201,118
TGCGAGCTCTGTGCGAACAT-1,243,201,148
GGCTATCGCGTGTGTGTAAC-1,253,201,156
CAGATTCAACGCTAGTAGAA-1,248,201,133
CGGTTGGTGGTCTCGCGACC-1,248,201,156
TTCGGACACATCCAGGTACT-1,244,201,138
TTCTCGAGGCCTAGGCCACG-1,234,201,140
