BARCODE,Raw,Human_UB,Human_GN,Mouse_UB,Mouse_GN,Species
TACGGTTGCACTTGCCTACA-1,869,350,271,516,348,Mix
CGCTGCTTAGAGAGCGGCAA-1,752,740,526,11,8,Human
TTATTCACTCGTTGTCTGAC-1,737,420,329,316,233,Mix
TACGTGACGAGCTCGGTATG-1,729,5,5,722,478,Mouse
CCGATTCCAAATTCCGCTCA-1,699,688,474,8,5,Human
ATAGAACTGCATTATTGTGC-1,618,358,285,257,215,Mix
TATCAATGCAATGTTCTATA-1,606,4,2,599,424,Mouse
TTCTATCAGCTACCATGACT-1,602,10,5,591,433,Mouse
AGCTTGATACGGTGCAACCT-1,595,3,2,591,397,Mouse
AACGCAATTATATGAACAGC-1,597,5,4,589,415,Mouse
CGATAGTACGCACTCAGTCA-1,590,4,4,585,401,Mouse
CCTGTTAATGTTCTCACTCC-1,590,14,5,575,380,Mouse
GGAGCTATGGTACTAATGGC-1,584,6,3,575,414,Mouse
GATAAGGAGTATGTCCGTGC-1,580,4,1,575,407,Mouse
GGTCTGGTCATCCAGGTACT-1,574,9,4,563,389,Mouse
GAGGCAAGTCATTACCGCGT-1,572,2,2,568,403,Mouse
GAATCCATGAAAGCGCCGTA-1,569,563,420,4,3,Human
ATATCCGAATTACTAATGGC-1,565,8,4,556,380,Mouse
TGATGGACCTAACTTGCACC-1,560,558,399,1,1,Human
CGATACGCCAAACGAGGTCC-1,560,554,397,4,2,Human
TAACAGCCAATACTCAGGAA-1,558,553,401,3,2,Human
GCTATGCGCTTGGATTAGAC-1,558,231,183,324,233,Mix
ACCGATGACGCTTCCATCCT-1,551,543,395,6,4,Human
TCAACCGCTCTACGTTATGG-1,550,12,7,537,365,Mouse
CCTATTGGTGAACCTTGCGG-1,545,10,8,534,380,Mouse
TGTCTCATCCTGTGTGTAAC-1,545,6,4,537,358,Mouse
GATGAACTCTCGAGGTTAAC-1,542,3,2,537,386,Mouse
AATATGACGATCTTGGAGAC-1,533,4,3,528,376,Mouse
CAGCTAATGCTTCTATCAGC-1,534,528,378,4,2,Human
GCAAGACCGTGGACACTCTT-1,532,6,5,525,388,Mouse
GCAACCGACACGATAAGCAC-1,534,528,399,3,2,Human
TTCTGCACGGCGTACCGCGA-1,530,7,3,522,391,Mouse
GTGTCGCGGATGCAGTGGTA-1,530,7,7,521,350,Mouse
GACCTGATAAAGTCGTCCTA-1,527,517,395,9,7,Human
AACAGACGACGGAACGTGCC-1,528,5,3,520,360,Mouse
CGGACCTTGGCAGCAAGCAG-1,526,522,386,2,0,Human
TACGTAACAGTACGTTATGG-1,525,517,385,7,4,Human
AGGTATAGACTCACGAATCC-1,525,345,260,178,136,Mix
CTGGCTTCCGTACGTTATGG-1,524,7,6,514,346,Mouse
CGAGTTCAGCGACCAGTACG-1,523,516,377,4,3,Human
AGATTAAGGAAAGCGCCGTA-1,522,3,3,517,335,Mouse
TGTAGCGTAACTCTAAGCAT-1,521,5,3,514,373,Mouse
AACGAGTATTTTCGTAGCAC-1,520,9,8,510,373,Mouse
AGACTTACGTCGTTCAATAA-1,519,514,362,4,3,Human
ATAACATACGCCTTAAGGCT-1,520,514,383,4,1,Human
ACAGAATGAAGCTTAGATCT-1,518,510,373,7,7,Human
GTGTAGTACTGCCAGCTTCG-1,518,512,355,5,3,Human
GAACGTGAAGAGAGCGGCAA-1,517,9,7,506,386,Mouse
AATACTCGATAAGGATTGAT-1,515,3,2,511,357,Mouse
TTATTCGAGGGCTGCTCTTC-1,516,511,386,1,1,Human
GATTACAATGACAGTCCACC-1,513,3,2,509,368,Mouse
AATAATGCACGACGAAGACT-1,513,4,3,507,374,Mouse
ATGTAAGATTCGATCACGAT-1,512,6,5,505,363,Mouse
TACGTAACAGGATTGATGGC-1,511,4,3,505,355,Mouse
CGAAGGCAGAATGATCATTA-1,511,504,376,5,2,Human
ATGTCTGCCAATGATCATTA-1,509,4,2,503,333,Mouse
GGCTTCGTCGTATCATCTCT-1,509,10,8,497,376,Mouse
CATCATCGATGACCAGAATA-1,507,503,396,3,3,Human
TACGTAACAGTGTGTGTAAC-1,507,504,368,1,0,Human
AATGGTACGCACGGCCTGTA-1,504,252,199,251,191,Mix
ATATTGATATACAGTTCATT-1,504,7,4,495,361,Mouse
AATACCGATTGGTATCCTTA-1,504,9,5,493,380,Mouse
AGAACAGGTCGTTGTTCTCT-1,503,498,387,4,3,Human
ATACATGGACAATTCCAACC-1,503,499,372,2,2,Human
AACAGAGACTCTGATACTTC-1,502,494,385,7,4,Human
AACGTATCTGTGCTCAGAAG-1,504,5,2,496,356,Mouse
AACAGAGACTGAACGAATTC-1,501,7,6,493,355,Mouse
GCATTGGCGCACAGTTCATT-1,500,494,385,4,4,Human
TATGGCATAGAACAGCATAG-1,499,490,353,8,7,Human
CCATAAGGAGAATTAATCTG-1,498,493,373,4,2,Human
CTCGAGAGCATCGACATCGA-1,499,492,359,4,3,Human
GTGCGAACATACTGCACAGG-1,497,4,3,491,353,Mouse
AGAGACTCCGCGCCTGGAGA-1,496,7,3,488,362,Mouse
ACACGAGAATCGCGAGTCGA-1,496,490,375,5,3,Human
CAGCGAAGTCTTCTCCTGTA-1,496,5,5,489,368,Mouse
TGATGACGTAAGTGGTGGTA-1,495,2,1,492,365,Mouse
TTCGCATAATGAGACAACGG-1,494,489,360,4,4,Human
AGATCTCTTGTAGTCGGAAT-1,493,488,346,4,2,Human
CGTCTAAGCATGCGGTTACG-1,492,6,4,485,359,Mouse
AACACCTGATTAGTCGGAAT-1,493,2,1,489,343,Mouse
ATCCGGTGCCGATATGGCAA-1,493,485,361,6,5,Human
CGATGCTGACAGTGGACACC-1,494,487,386,4,1,Human
TGAGCCTACAGCGAACACGG-1,492,7,6,483,344,Mouse
GAAGACAGACATCAGTTAAC-1,494,483,382,6,5,Human
GATAACATCACGTTCTACGA-1,490,488,358,1,0,Human
AAGTAAGCGTGCGTACAACT-1,490,481,353,8,6,Human
TACACTAGCCAGGCACACCT-1,489,5,3,483,348,Mouse
TATACATTCGTGTTCACTAG-1,492,486,377,2,2,Human
AGCTTGATACAATTCGAAGG-1,489,480,354,7,5,Human
GTGACAGCGCTAATCGGTGC-1,489,481,374,6,3,Human
ATGATCACGTGCGACAGTGT-1,490,479,358,8,6,Human
ACCGACTTCGTAACAGCCAA-1,488,5,3,481,341,Mouse
CAGCGAAGTCGAACGAATTC-1,487,294,232,192,147,Mix
ATGACTATGCGCCAGCACGT-1,487,479,370,6,4,Human
CGATCACGATCACTCAGTCA-1,486,479,372,5,2,Human
AATTGTCAAGTGGTATTGTC-1,486,8,6,476,354,Mouse
AATTGTCAAGGTTGGATCCT-1,485,479,362,5,4,Human
GCGAATGACTACGACTATTA-1,484,481,347,2,1,Human
CTTCGATGGTTGACTTCGTA-1,483,5,3,477,353,Mouse
AAGCGCTTAATCGACATCGA-1,484,480,368,2,2,Human
TAGTCTACACACACACCAGA-1,483,203,158,278,212,Mix
TTATTGGACCTTCTATCAGC-1,483,476,353,5,4,Human
ATTAAGCGCGTCTCGCGACC-1,481,477,359,3,3,Human
TCTGCGCACGCCTGCGAACA-1,482,477,373,3,2,Human
ATTATAGCACCTTCCGATAA-1,481,479,371,0,0,Human
GCTATTACATAGGCACACCT-1,481,471,355,7,5,Human
AGACTAATATGAACGAATTC-1,479,0,0,478,347,Mouse
GCATATACAAATTATCTAGC-1,478,7,6,470,328,Mouse
ATGATGTTGCACTTCAACAC-1,479,469,377,8,4,Human
GACTGCTCTCAGACCGATCG-1,478,471,364,5,3,Human
GACATTCAAGCTTGACTCAA-1,479,473,360,3,1,Human
CTCACCTAAGTAGTTAGACG-1,478,474,321,2,0,Human
CATCGTCAGTGTCTACCTTC-1,475,8,5,466,334,Mouse
TAGAAGACTCTGTAAGAGCT-1,475,2,1,472,352,Mouse
TGAGCCTACAGTAGTTCTAG-1,474,297,226,176,140,Mix
GGATATCTCCCGTTCAATAA-1,474,469,362,4,3,Human
AGTCATTATTCAAGAGGTCA-1,477,469,373,4,2,Human
TCGATATCCTAGATTGAGAG-1,477,467,363,5,2,Human
GTTAATAATCGCAACTATTG-1,472,470,350,1,1,Human
AGAGCAGCGGCTTCCTACAG-1,472,253,211,217,169,Mix
TGCACTGTCTAGACCGTCGT-1,470,5,4,464,338,Mouse
CGGCGATACCCGATATGTGC-1,471,3,2,466,324,Mouse
TATACATTCGGCGGTGCAGA-1,470,247,210,222,174,Mix
CGAATATAGGACATCATTGC-1,470,466,365,3,2,Human
CGTCTCAGACGGAGTACGTA-1,471,464,341,5,3,Human
ACGGCCTGTAGCCTCCGGTC-1,470,461,340,8,6,Human
TGCGCACATGCTTCAATAAT-1,469,4,3,464,345,Mouse
GAGTCCGTAGGATTGATGGC-1,468,463,369,4,3,Human
ATTACCGCGTTATGGCATAG-1,468,6,4,461,335,Mouse
TACGCTGACCCTATCGCCTT-1,468,466,349,1,1,Human
ATACCGAGCTACCAAGCCAG-1,469,437,344,30,11,Human
AGACCGCGAACCATCGTGAC-1,467,5,3,461,319,Mouse
GACCTGATAAGTAATACGTC-1,467,461,333,5,4,Human
CATTCACACAAGAGCGGCAA-1,468,461,348,5,4,Human
TCTAATGACGACGACAATAT-1,467,461,350,5,2,Human
CGGCGATACCCTGATACTTC-1,468,464,319,2,1,Human
GTATTCAACATGGATTAGAC-1,466,459,351,6,4,Human
AAGTCGATCCTGTAAGAGCT-1,467,2,1,463,333,Mouse
ACATAGGTGGTCGCATCTTG-1,466,172,149,293,233,Mix
TCAGGTAAGTCTAGACACTT-1,466,461,360,4,2,Human
ATGGCGTGCGTTCCACTACA-1,464,1,0,462,339,Mouse
TAGTACAATTCATCAGTTGG-1,466,458,332,5,3,Human
GTCTAATGCAGTTGTTCTCT-1,465,460,350,2,2,Human
ATACTCTGTCATGGCGTGCG-1,465,4,2,458,324,Mouse
CGGTCCAAGGACGTTGAATA-1,463,460,345,2,1,Human
CGATACTAGCATTAAGATAA-1,463,6,4,456,320,Mouse
GCTTAGATCTCTTGCCTACA-1,463,13,8,449,345,Mouse
GGCATTCGAATCTCGCGACC-1,463,4,2,458,357,Mouse
ATCCACTAAGAATAATGCAC-1,463,459,349,2,1,Human
GCATCCGTTGTTCGCATAAT-1,462,456,336,5,1,Human
GAGATGTTAGTCCGTGAAGC-1,463,6,4,455,340,Mouse
TCGGCGCTGCCCGGTGGACA-1,463,217,177,244,209,Mix
CCAATAGGCAACACACCAGA-1,464,6,5,455,350,Mouse
ATCACTGGAAGACATCGGTG-1,461,1,0,458,329,Mouse
GTCTAATGCAAGCCTCCTAT-1,463,51,15,408,301,Mix
CTGGCAACATTACTCAGGAA-1,462,457,345,1,0,Human
GCATCCGTTGCCTGTGAAGT-1,458,5,4,451,310,Mouse
ATATCTCGTTGTATTGGCTA-1,458,62,46,393,291,Mix
TAGATAGCGTAGTCGTCCTA-1,458,6,4,449,344,Mouse
ACGAGACTTGACGGCGAGGC-1,456,6,5,449,337,Mouse
TGCTCTATTCTGTCAGGCAC-1,457,2,1,452,341,Mouse
AGGAGCTCCAAACCTTGCGG-1,456,3,3,451,332,Mouse
GCGTATAATCTCCTCGTGCG-1,456,6,5,448,324,Mouse
GCAATCGAGTTGCTGCAGTA-1,456,451,346,3,3,Human
ACGTAATCCTAATTCGAAGG-1,455,446,340,8,4,Human
TGAGGCCAATGACGAAGACT-1,455,446,360,8,4,Human
GTCGCGATTCCCTTAAGGCT-1,456,446,360,8,4,Human
CTGAACCACAACGCCTCAGT-1,453,449,339,3,2,Human
GAACGTGAAGGCCAGCTTCG-1,454,447,324,5,3,Human
CGGACCTTGGCAGTGTATGC-1,451,449,340,1,0,Human
TCTGCGCACGATACTGAGGA-1,451,2,2,447,331,Mouse
AGTCGACCATTGGAGCTCAG-1,452,446,344,3,1,Human
AACACTCTCCCTGCAGGATA-1,449,8,5,440,328,Mouse
GCGGAACTTGTACTAATGGC-1,449,5,3,443,321,Mouse
CAACATATAAAGCAAGCGAC-1,450,442,362,6,4,Human
GAGACAACGGCGGACCACCT-1,449,444,345,4,3,Human
GGCACGTTCGAAGGAATGTA-1,449,440,328,7,5,Human
GACGCGGTTGCGGACGGATT-1,448,443,342,4,2,Human
TGAGCGGCCGTTCGCATAAT-1,448,442,350,5,4,Human
ACAGAACCGTGTTAAGGTGA-1,449,446,328,1,1,Human
GTTATTATACAAGTTCGACC-1,448,443,323,3,3,Human
GGCACGTTCGACGACAATAT-1,449,6,6,440,316,Mouse
TACCACACGGAGTAGTTACG-1,447,441,342,5,1,Human
TGGTATTGTCGGTATCCTTA-1,448,8,5,438,329,Mouse
TAATTGTATATAGCTGCTAC-1,447,5,2,440,316,Mouse
CGTATTGCTCGATATAGCGG-1,446,5,2,440,332,Mouse
TAGATAGCGTTAAGCGTGGC-1,446,4,3,440,324,Mouse
GTGACAGCGCGTAACGACGC-1,445,442,325,2,1,Human
ACGTTCTAGCATTATCTAGC-1,445,440,331,3,2,Human
GCAACAGAACATCAGAGTCA-1,444,440,344,3,0,Human
TAATTGAACGTGCTCAGAAG-1,445,441,358,2,0,Human
CTCGTGCATGATGCGAGCGT-1,443,439,333,3,2,Human
TTGATAGATTACAGTCCACC-1,443,434,340,8,7,Human
ACGCATAGTGGTGTCACGAG-1,443,440,354,2,1,Human
CTGCACTCTGCATTCCGGCT-1,444,5,2,436,308,Mouse
TAATTGTATAGGACACTCTT-1,442,2,2,439,313,Mouse
AATGGAATACAACCTTGCGG-1,442,438,337,3,2,Human
CTCCTCCTAAATTAACCGGC-1,442,8,3,433,303,Mouse
GAGTATTCCGCCGGTCACTA-1,442,1,1,439,327,Mouse
TTGAAGAAGCAGATTGAGAG-1,442,435,347,5,3,Human
CGGTCGAACCCTAAGATATT-1,441,438,318,2,0,Human
TTCTGCACGGATTCCGCTCA-1,443,435,345,5,3,Human
TGTGTAGCCGACACACCAGA-1,440,3,1,435,324,Mouse
GTTATAACGCGCTGTGAGAC-1,439,437,345,1,1,Human
GGCAGGAGCTTTCGTAGCAC-1,440,435,331,3,2,Human
GCGAATCGACATGATCATTA-1,438,433,328,4,3,Human
TGTCCGCGATAGTCGTCCTA-1,441,115,83,322,249,Mix
GAGTATATGTTGGAGCTCAG-1,439,432,337,5,3,Human
AGAGACTCCGTGTATTCAGA-1,438,434,344,3,2,Human
CTGGCAACATAGCACAGTTG-1,437,46,36,390,288,Mix
AACCATATACAAGTCGATCC-1,437,3,3,433,329,Mouse
ATGCGCTAATGAGACAACGG-1,436,6,4,429,301,Mouse
TTACGTTCAGTATGGCATAG-1,436,429,338,6,4,Human
TGCACTTATCCGATTCCGGC-1,435,6,4,428,331,Mouse
CGCCTCTCGGCAGCGAAGTC-1,435,210,179,224,191,Mix
ACAGAATGAATTGAGCCTGA-1,435,429,317,5,3,Human
GTGCCGTGTTTATCGGAATA-1,435,426,345,8,7,Human
CTTCAATAATAGATTGCTCA-1,438,430,330,4,1,Human
CGATACTAGCAGTCTATCGT-1,435,431,334,3,0,Human
GATTCCTCAAAAGGATTGAT-1,435,1,1,433,325,Mouse
GGTGAGGTGCTAACATAGCA-1,436,10,5,424,316,Mouse
TTATTGTCGAGGAGTACGTA-1,436,431,347,3,2,Human
CACTAGATTCTATTCATATA-1,435,430,342,4,3,Human
GGATTCGGCCTGTTCCAGAC-1,436,3,3,431,332,Mouse
GACGTCTACAACGACTATTA-1,435,431,321,3,1,Human
AGTCGATGGACATCAATTAA-1,436,430,335,4,3,Human
GCGCAGCACCTAGTCGGAAT-1,434,4,3,429,304,Mouse
ATTATAGCACCATCAGTTGG-1,434,423,313,10,6,Human
ACATAAGTAACTAGGCCACG-1,435,5,3,428,309,Mouse
TCTACGGTAAAATAATGCAC-1,436,5,4,427,339,Mouse
AAGTAAGCGTTACCATGACT-1,434,429,337,3,2,Human
GCCACCAGCTTCCTCGTGCG-1,434,425,323,7,5,Human
GTTAAGGCTTACGCCTCAGT-1,433,430,321,2,2,Human
CACTAGATTCCTATCGCCTT-1,433,8,4,424,317,Mouse
GCTCGGTATGGCTTAGATCT-1,434,429,329,3,1,Human
TAATTCGCTGACAGTCCACC-1,433,6,6,426,326,Mouse
GACAGTTAGGCATCGGCATG-1,433,426,324,5,3,Human
CTTCATTATAATACTCCTAC-1,433,9,5,421,328,Mouse
ACGCATAGTGGATTCAGAGA-1,432,428,318,2,2,Human
TCGTAGTCGTGTATTGGCTA-1,431,6,4,424,304,Mouse
AATACGACCTTGAGGTGGTT-1,432,4,3,426,312,Mouse
CATCGTCAGTTTCGCATAAT-1,431,2,1,428,301,Mouse
GCTCAACTAAGGAGGTCCAA-1,430,1,1,428,314,Mouse
CGAATATAGGGCTTCTGTAC-1,430,0,0,429,330,Mouse
CTATCAAGCACTTCCTACAG-1,430,3,2,426,330,Mouse
TGAGGCGGCCACCAAGCCAG-1,430,425,324,4,2,Human
CCACGCTGTGCGTTCTACGA-1,430,421,327,8,7,Human
CAGAGTGCCAATGTTCTATA-1,430,425,337,3,1,Human
GTAATCTTCACCGGTCACTA-1,430,424,331,4,2,Human
ACATCATTGCAATCTACAAG-1,429,6,2,422,309,Mouse
ATCGTATAGGTCATCGGATT-1,431,427,313,1,1,Human
TTACCAAGGTAATCTACAAG-1,430,7,5,421,313,Mouse
TACAGCCGAGACTTCAACAC-1,430,425,346,3,1,Human
TCAGTACACGGTTGGATCCT-1,430,423,320,5,3,Human
GGCTATCGCGACATCATTGC-1,428,424,322,3,2,Human
GTGAAGATCTGTGTGAAGTT-1,429,423,317,4,3,Human
AGTCCATCCACCATCGTGAC-1,428,419,328,8,8,Human
ACTACCGTGCTTACTGCCTT-1,427,420,317,6,2,Human
TACTGCAATGGATGAGAGGT-1,427,420,310,6,6,Human
TCCTGCGAGATCTTGGAGAC-1,427,419,319,7,6,Human
GGATACTGATGGTGCAACCT-1,427,3,0,422,300,Mouse
GAGTATTCCGCACATGTTAC-1,426,420,309,5,4,Human
GCGCACCAGGGCGAACACGG-1,426,422,328,3,1,Human
AGAATTCAGTATTAAGATAA-1,425,1,1,423,315,Mouse
GATATAGCGGAGCAAGCGAC-1,426,1,1,423,327,Mouse
GATAGGCACCCATCAGTTGG-1,425,4,2,420,311,Mouse
ATACTCCTACTACTCAGGAA-1,427,4,2,420,314,Mouse
AGTGAAGAGTATCTCGCTGC-1,425,417,313,7,4,Human
CGATGCTGACCCTTACCACA-1,425,417,334,7,6,Human
CCAATAGGCATCTAATGACG-1,425,8,7,416,320,Mouse
CCGAATCAGTAGCGATCCAT-1,426,418,316,5,3,Human
CGATTGATAAAAGTTCGACC-1,424,420,332,3,2,Human
TAATCCGTCGAGACTTACGT-1,425,422,334,1,1,Human
TGTTCCAGACTCCGAAGATT-1,425,420,328,3,3,Human
CTTCGACCAACGGACCACCT-1,423,417,320,5,4,Human
GTATACTTAGGTTGGATCCT-1,424,5,4,417,313,Mouse
GCTAGAAGTTTGCAAGATAC-1,422,417,326,4,3,Human
GCCGCGATGAACCTCTCCTG-1,421,416,322,4,1,Human
GAGGCCTGAGTCCGACCGTA-1,421,1,1,418,221,Mouse
TCTGATCTAACGAATATAGG-1,421,1,1,418,325,Mouse
ACTGGTAAGACTTGTAGCAT-1,420,416,327,3,2,Human
TCTACGGTAACATCGGCATG-1,420,414,331,5,4,Human
ACGATTACCACGAGGAGTCA-1,419,5,5,413,299,Mouse
CTATGTATAAACTGCACAGG-1,420,6,6,412,314,Mouse
ATCCACTAAGTATAGAAGCT-1,419,410,331,8,7,Human
TAAGGCTCGGTTAATTGCTC-1,420,410,330,7,3,Human
AGTGTCTAGACGGACCACCT-1,418,7,5,410,307,Mouse
CAGGACATACCTTCCGATAA-1,419,6,4,411,301,Mouse
AGATCGCTGTGTAGTTCTAG-1,419,407,328,10,8,Human
GGACGTGGAACTAAGAGTCC-1,418,415,315,2,1,Human
GCAACCTCGCTGGATTAGAC-1,418,412,317,5,3,Human
TTGAGGAGACATTACCGCGT-1,417,194,168,222,173,Mix
GCGCTGTGCCCACTCAGTCA-1,418,223,177,193,151,Mix
GTACCGCAGCTTCTCACTCC-1,418,7,4,408,305,Mouse
AGTTCACTCAACTTCAACAC-1,417,413,317,2,2,Human
CGATATGTGCGTTACCACAT-1,417,413,339,2,2,Human
GCAACGACTAATGTCTGCCA-1,419,411,336,4,3,Human
ACCAATTGTAGTTACGCGTC-1,417,411,315,4,2,Human
GATATGGCAAGGAGCAACAG-1,417,405,308,10,6,Human
TAAGGAGAAGTATCGGAATA-1,414,6,3,407,311,Mouse
GCGCGCCGAGTCCGACCGTA-1,415,406,316,7,3,Human
TATCGGAATATTCCACTACA-1,417,408,314,4,2,Human
TATCGGAATAGGAGCTATGG-1,414,410,308,2,1,Human
CGATACTAGCTACAGTACGC-1,414,409,313,3,1,Human
TAGAATGATTCTAGGCCACG-1,413,403,322,9,6,Human
TCTGTAGGCCCTCGATTGGT-1,414,410,314,2,0,Human
TGCAGTGGTATATGAACAGC-1,413,409,309,3,1,Human
CTCTCCATAGCGCACTGGAT-1,412,409,317,2,1,Human
GGAGGTCCAACTGTGAGCAG-1,413,403,311,8,6,Human
AGAAGATATAAGGCACACCT-1,412,408,316,3,2,Human
ACGAGTAGCTTATGGCATAG-1,413,408,317,3,2,Human
GGAGAATATATCCAGGTACT-1,412,406,305,5,4,Human
GGCATGACCAAGCGATCCAT-1,412,5,4,405,304,Mouse
CACAAGGTCTAGCCTCCTAT-1,412,409,328,1,0,Human
GAGCATAGAAACACACCAGA-1,411,409,314,1,1,Human
GTGATCGCATTGTGTAGCCG-1,413,1,1,408,314,Mouse
AGCACAGTTGTCCAATAGAA-1,411,401,310,8,7,Human
CACGCTCTCTCTTCCGATAA-1,412,405,318,4,4,Human
ATAGGAGTCTTAGGCTCAGG-1,410,4,2,405,315,Mouse
TCTAATGACGCTGTGAGCAG-1,411,3,1,406,317,Mouse
CACCGAGCATGCTGCTCTTC-1,411,407,339,2,2,Human
AGTTGTCGAAAGACCGATCG-1,411,406,303,3,1,Human
GCGCACCAGGTTGTGGCATC-1,410,405,308,3,2,Human
ATATCAATCGATTATTGTGC-1,410,404,317,4,4,Human
TGTGTGTAACCACCGCTAGT-1,409,3,1,405,301,Mouse
GAGATGTTAGCGAGGTTAAC-1,409,2,2,406,292,Mouse
GAGATTCGGTATCCACTAAG-1,411,405,309,3,3,Human
GCGCACCAGGGATAATGATG-1,409,5,2,403,316,Mouse
CAAGCTGAAGTGTTCCAGAC-1,410,402,306,6,4,Human
GGCATTATCGATTCCGCTCA-1,408,3,2,404,299,Mouse
GTATATGAAGTTACTGCCTT-1,408,406,308,1,1,Human
GGTCCGGTGTTGTTCCAGAC-1,409,4,4,403,315,Mouse
TCGTAGTCGTTCGCATCTTG-1,408,3,2,404,305,Mouse
ACTGGTAAGAGTTCGCGCGC-1,409,402,310,5,3,Human
TGAACCGGTGAGACCGTCGT-1,407,2,2,404,294,Mouse
TTAGGCAACAAAGGATTGAT-1,407,3,3,403,305,Mouse
ACGTAATCCTTTCAGTGCGG-1,407,404,315,2,2,Human
GCAAGTCTATACCTCTCCTG-1,407,404,305,2,1,Human
TACTATCCTCGTAATACGTC-1,407,405,319,1,0,Human
TTATTCGAGGACACACCAGA-1,407,133,115,272,212,Mix
TAACCGCACATTAACCGCGA-1,406,4,3,401,307,Mouse
TATACATTCGTCCGTGAAGC-1,406,404,313,1,1,Human
GCAATGATCATATATGCGTT-1,406,27,26,377,287,Mouse
CTAGGCCACGGCTTAGATCT-1,405,6,4,398,304,Mouse
AGTTGCGATACGTCCGCTCT-1,406,399,308,5,2,Human
CCTAGTGTGGGACTATCACA-1,405,401,322,3,3,Human
ACGTTAGCACCAAGCTGAAG-1,405,399,319,5,5,Human
AGTTCTTGCTTGTTCCAGAC-1,404,400,315,3,1,Human
CGATCGTCAGGCAACTATTG-1,404,2,1,401,308,Mouse
TATTGAGGTCTGGATTAGAC-1,405,403,325,0,0,Human
AAGATCAATTGACTGTTCCT-1,405,6,3,397,300,Mouse
TATTGAGGTCGCTCTCGGTT-1,404,3,1,399,283,Mouse
ATATTAGAGCACGCCTCAGT-1,403,3,2,399,310,Mouse
TAGGATAGTTATTAAGATAA-1,403,397,316,5,2,Human
CAGTGTATGCTCCGTGAAGC-1,406,400,304,2,1,Human
ATACGGATTAGCTGCTCTTC-1,403,398,311,4,2,Human
GCGTATAATCTCTAATGACG-1,404,399,302,3,2,Human
CTTCCAATGGAGATTGAGAG-1,403,401,317,1,0,Human
CCAGAATTAGTTCGTAGCAC-1,403,2,2,400,274,Mouse
ATGGCGTGCGCGATTCCGGC-1,403,259,200,142,117,Mix
TGAGTAGCATGTATTGGCTA-1,402,399,312,2,1,Human
TCCTCGAGTAAAGTCACGGC-1,402,395,300,6,4,Human
CGTCGGTTAACTTGACTCAA-1,402,4,3,397,312,Mouse
GACAGTTAGGTCGCATCTTG-1,403,401,319,0,0,Human
TATTCATATACCGGTGGACA-1,403,399,314,2,2,Human
AAGGACCTCCTATTCATATA-1,402,397,310,4,4,Human
ATCGTCGCAGATGATCATTA-1,402,397,327,4,2,Human
CATGGCAGCGGACGAAGACT-1,401,5,5,395,272,Mouse
CGCCTCATCTAGTTGTCGAA-1,403,397,291,3,3,Human
GAGACTCGCATCTCGCGACC-1,402,394,312,6,3,Human
TGGAGAACTCTAGTCGGAAT-1,401,4,3,396,299,Mouse
GTGACAGCGCACGGCGAGGC-1,403,1,1,399,312,Mouse
CGACGTTCCTCTGATACTTC-1,401,3,2,397,309,Mouse
GCACCGCATAAGTTCCTGTC-1,401,397,311,3,1,Human
ACGAGGCCATAGTTGTCGAA-1,400,396,294,3,3,Human
AGAGGAGGCGGCCGCAATAG-1,400,399,310,0,0,Human
AACAGACGACCTCACCTAAG-1,401,5,4,394,287,Mouse
TTACGAACCTCTCGATTGGT-1,400,4,3,394,291,Mouse
AGCCGCACCGAGACTTACGT-1,399,3,1,395,312,Mouse
CGTCCGCTCTGGACACTCTT-1,399,395,307,3,2,Human
GCGCGTGATGGCGAATCGAC-1,400,8,7,390,294,Mouse
TATTACTCTCACGACAATAT-1,398,7,2,390,309,Mouse
CTACTAATAATCAATGGTGG-1,399,5,3,392,298,Mouse
AAGACTGTGGGATTGATGGC-1,398,2,2,395,305,Mouse
TCGCTCGGTGCGACGGACGA-1,397,3,1,393,293,Mouse
ATTATCGCCAATGTCTGCCA-1,397,389,307,7,4,Human
CTCGAACTGACAAGCCTTAG-1,397,395,313,1,1,Human
ACATAAGTAACACATGTTAC-1,397,7,2,389,287,Mouse
CTCACAGCGGACATCATTGC-1,396,1,1,394,301,Mouse
CTCCGGATTCCTTCAATAAT-1,396,8,6,387,285,Mouse
GTAGGCGAGGTGACGTCCTT-1,399,393,309,2,2,Human
GATTCGGAAGATAACATACG-1,397,394,298,1,1,Human
TCGACGTCAGAGTAGTAATA-1,396,391,302,4,3,Human
CGCGTGTAATGCGGTGCAGA-1,396,64,58,330,239,Mix
GTCAAGCAGAGCCTCCGGTC-1,395,2,0,392,294,Mouse
TGATGACGTAGACTGTTCCT-1,397,392,317,2,1,Human
AATTCTAATTCCGGTGGACA-1,395,393,302,1,0,Human
GCTACAATCAAGAGCGGCAA-1,396,3,1,391,295,Mouse
CTATGTATAACATATTAGGA-1,395,393,304,1,1,Human
TTCTCCAGCGGTTCGCGCGC-1,394,389,300,4,0,Human
GTATACTTAGTGTTCACTAG-1,394,390,318,3,2,Human
AATATTATGGACGCCTCAGT-1,393,0,0,392,304,Mouse
CACGTACCAAATGTCTGCCA-1,395,5,1,387,263,Mouse
CGATATGTGCATTATTGTGC-1,395,6,3,386,282,Mouse
AGTCGGTGAGTTGATCTTAA-1,393,5,4,387,321,Mouse
TGCGCACATGGCAACTATTG-1,393,8,5,384,271,Mouse
GCCGGACCGACTAGTGTAAC-1,396,388,308,4,3,Human
AGTCGGTGAGCGGACCACCT-1,393,389,307,3,3,Human
GAGCCACAGGAATTCCAACC-1,394,390,312,2,1,Human
AAGGAGCTGGATTATTGTGC-1,393,388,296,4,3,Human
GCGCCTAGCCGATTGATGGC-1,394,388,313,3,3,Human
CACTGTGGAATTCCACTACA-1,393,4,3,386,293,Mouse
GCCGACGCATTATGAACAGC-1,391,7,3,383,286,Mouse
TTCTCCAGCGACGACAATAT-1,392,9,6,381,289,Mouse
ATATTAACTGGTAATTGACA-1,392,383,296,7,4,Human
ACATAGGTGGAGAGCGGCAA-1,392,389,317,1,1,Human
TCTGGCGCATCGTTCGATGG-1,393,2,1,387,279,Mouse
CTTGAGGAAGAACCTTGCGG-1,390,385,312,4,4,Human
CGATATGTGCGCACTTCACG-1,390,387,307,2,2,Human
TTAACGTAGGGCCTCTGGCT-1,391,385,300,4,3,Human
CGCAATCCACTATTCATATA-1,393,386,301,3,1,Human
GCGGCGCACTCAGCAAGCAG-1,390,9,7,380,280,Mouse
CTTGTAGCATGATATGGCAA-1,390,381,293,8,3,Human
TAATTGAACGTGCAAGATAC-1,390,388,301,1,1,Human
AGTCGGCTTGTCATCGGATT-1,390,387,299,2,1,Human
AGACCGCGAAGATAATGATG-1,390,389,285,0,0,Human
AGTCTATCGTTAGGCTCAGG-1,391,383,304,6,3,Human
TGAACCGGTGAACAGCATAG-1,389,4,3,384,289,Mouse
AGGATCTGCTCGACGGACGA-1,389,2,2,386,298,Mouse
CACGCTCTCTATTATTGTGC-1,389,6,4,382,284,Mouse
AATGCCAGTTTCATCGGATT-1,389,3,2,385,271,Mouse
ATCCGGTGCCCTTCGATGGT-1,389,3,1,385,294,Mouse
GAGAATTAGTCTATCGCCTT-1,389,3,0,385,293,Mouse
TCACGGCGGCCCTGCTTAGT-1,389,385,307,3,0,Human
ACCATTCATAGCACTTCACG-1,390,6,4,381,299,Mouse
CTGCACTCTGATCGGACAAG-1,388,0,0,387,282,Mouse
ACGACGTCCAAGAGCGGCAA-1,388,2,0,385,289,Mouse
CCATCGTGACGTTACGCGTC-1,388,386,315,1,1,Human
GTAACTGAGTAAGGAATGTA-1,388,384,310,3,2,Human
CTCTATGTGTCCTGTGAAGT-1,389,383,300,3,2,Human
AGCCTCCTATTCCAATAGAA-1,387,2,1,384,293,Mouse
GGTGGAAGGTGATAATGATG-1,387,384,296,2,1,Human
ACGTAGCGCGGATAATGATG-1,387,380,301,6,3,Human
GACTGGACGACTTCCTACAG-1,387,1,1,385,279,Mouse
TACTGCAATGATACCGAGCT-1,387,6,2,380,284,Mouse
CAACATCGCGCGCGACGAGG-1,387,385,309,1,0,Human
TTCAGTGCGGATCGAGCGAA-1,387,381,296,5,3,Human
TATCGCTAGCCTTGACTCAA-1,387,384,285,2,1,Human
TTGATCTTAAGGCTTCGTCG-1,386,5,2,380,273,Mouse
CCGAGTGACCATAGAGAGCC-1,386,381,294,4,2,Human
TTCCAGGCCGGCGTACAACT-1,388,379,310,6,2,Human
TGGCAATTGCACCAATCTAA-1,388,383,308,2,2,Human
TACGCTGACCGGAGTACGTA-1,387,381,297,4,1,Human
GGCTATCGCGACTGCACAGG-1,387,382,302,3,2,Human
AAGTACTAATGCGACAGTGT-1,386,6,5,378,259,Mouse
ACGCATAGTGCCTGCGAACA-1,385,378,305,6,4,Human
GCGATCGTACCCTTACCACA-1,385,380,295,4,2,Human
TCCGACTTAAGCCGCAATAG-1,385,381,301,3,3,Human
CTTCACGTTAGGCCTGCACA-1,387,4,4,379,296,Mouse
TGGCCTTACCTGCAGTGGTA-1,384,5,4,378,271,Mouse
ACATAGGTGGGACTGTTCCT-1,385,8,7,375,293,Mouse
GTGACATACACGCGACGAGG-1,385,379,298,4,1,Human
TTCTCCTGTATTACTGCCTT-1,385,381,293,2,2,Human
GCTACCATACTGTATTCAGA-1,384,380,314,3,3,Human
AGAGCGGCAACAATCTCATG-1,384,374,292,9,6,Human
GATAGGCACCCTCACCTAAG-1,383,3,3,379,272,Mouse
AGCTTGATACTATTACTCTC-1,383,5,4,377,270,Mouse
TGACTTCGTAAGATTGAGAG-1,384,374,292,8,7,Human
AGTGAAGAGTTGATGACGTA-1,384,5,4,377,281,Mouse
ATTACTAACGCAGCAAGCAG-1,383,381,297,1,1,Human
TTATAGTAATTCCTGGTCGG-1,385,380,297,2,2,Human
CTACGTAGGTGACCGTCTCT-1,383,379,287,3,1,Human
GAATCCATGATTAACGTAGG-1,384,3,3,378,287,Mouse
CCAGAGTTGAATTACCGCGT-1,382,240,191,141,108,Mix
CACTTAGCTACACCGAGCAT-1,382,7,5,374,281,Mouse
CCGAGATTAAATCCACTAAG-1,382,375,287,6,3,Human
CTGAGGATCCCGGACCACCT-1,382,2,1,379,289,Mouse
ATAGCAGGTAAGGCACACCT-1,382,380,302,1,1,Human
TCTTGGAGACGCTGCTCTTC-1,382,5,2,376,281,Mouse
TTCCATGTCAGTTCGCGCGC-1,382,376,290,5,2,Human
GCGTTAGATGCCACTGGATT-1,384,379,306,2,1,Human
AATAGTAGTGTTACTGCCTT-1,381,3,2,377,293,Mouse
AATACATTAAAGTGGTGGTA-1,383,376,314,4,3,Human
CGTGAGCTCCTTACCAAGGT-1,381,376,305,4,2,Human
GTAGGATCAGACTTCAACAC-1,382,4,3,376,290,Mouse
GTTATTATACCTCACCTAAG-1,382,376,295,4,3,Human
GCTCTACATACGTCCGCTCT-1,382,3,2,376,309,Mouse
AGTGTTGCTTCATTCCGGCT-1,380,375,294,4,3,Human
GTGAGTCATATCAATGGTGG-1,381,6,3,373,286,Mouse
AGTCTACGAAGTAGTTCTAG-1,380,5,4,374,285,Mouse
TTGTCGGTAATCGATGCGCG-1,381,376,296,3,1,Human
GACGTCTACAGTCAGTACCA-1,381,373,309,6,4,Human
ACAGTTCATTTTAACGTAGG-1,381,3,2,376,288,Mouse
ACGTATACAGGTTCGCGCGC-1,380,375,295,4,4,Human
TCCGAAGATTTGCTCAGAAG-1,380,373,283,5,2,Human
ATACTCTGTCGCGCGCCGAG-1,382,5,5,373,288,Mouse
AAGCCTTGACGGACACTCTT-1,380,2,2,376,287,Mouse
GATTCAGAGAAATTCCAACC-1,380,376,303,2,1,Human
TCTGATCTAAAGACTTACGT-1,380,2,2,376,283,Mouse
ATTAACCGGCAGCGATCCAT-1,379,377,295,1,1,Human
GTGCGAACATTCAGATAGAT-1,379,373,286,5,4,Human
CGCGAGGACCTGTTCCAGAC-1,381,377,305,1,1,Human
GAACGCTTAGTGCAGTGGTA-1,379,376,291,2,1,Human
GGATTCGGCCACATCATTGC-1,379,11,7,367,261,Mouse
AGTCCAACTGACATAGGTGG-1,378,4,2,373,280,Mouse
CGATACTAGCGCGCGCCGAG-1,378,1,0,376,286,Mouse
TTACGTTCAGCGGACCACCT-1,378,5,4,372,274,Mouse
ATCGATTCTGACGCCTCAGT-1,379,370,294,7,5,Human
TATAGAAGCTCACCGCTAGT-1,379,375,308,2,0,Human
AAGGACCTCCGACCAGAATA-1,377,374,297,2,0,Human
CCGGTCTCCGGCTTAGTCGG-1,377,373,286,3,0,Human
TGGCTTGCCTTCGCATCTTG-1,378,7,4,369,278,Mouse
CATCGTCAGTACCGACATTA-1,378,374,286,2,2,Human
GCAAGTCTATCGATCACGAT-1,378,372,295,4,3,Human
GAGACTATAGTGCAAGATAC-1,377,370,287,6,4,Human
AATGCGCCACCATGGACTCC-1,376,370,285,5,4,Human
TTCGTAGCACACGGTACCTC-1,376,372,288,3,2,Human
GTTATAGATGCGTTCAATAA-1,376,375,287,0,0,Human
ACTACGGTCGTTGACATCTC-1,375,3,0,371,275,Mouse
TATTCTTAATATACTGAGGA-1,377,2,1,372,272,Mouse
AGAACAGGTCAGAGAGTCGC-1,375,2,2,372,286,Mouse
GTCAGGATCGAAGGATTGAT-1,375,4,1,370,279,Mouse
CGAGCTGGAATTGATATTCC-1,376,369,284,5,3,Human
TCCTCGTGCGGTTGTTCTCT-1,375,2,1,371,290,Mouse
GGAATGCCACAATAATGCAC-1,374,8,4,365,264,Mouse
TACGAAGTGCGCACTTCACG-1,375,7,5,366,284,Mouse
AGGTTAGGAGCTCAAGTCGC-1,374,371,295,2,2,Human
CATCAACGTAGTCAGTACCA-1,374,373,290,0,0,Human
ACGTTGTACGCCTGTGAAGT-1,373,369,290,3,2,Human
AATCGATAGGGGACACTCTT-1,373,367,298,5,2,Human
TGCGAGCTCTGATATGGCAA-1,374,3,2,369,292,Mouse
AGATCTCTTGGCGGTGCAGA-1,373,368,287,4,1,Human
AAGCGATTCCCGATTCCGGC-1,374,4,3,368,271,Mouse
AATGGAATACGTATTGGCTA-1,374,176,148,196,163,Mix
TTGAGGAGACTGCGGTTACG-1,374,5,3,367,272,Mouse
AGTCGATGGAAAGATTAACC-1,373,4,2,368,286,Mouse
AATTGCGGTGCATTCCGGCT-1,373,370,283,2,1,Human
TCGACGTCAGTATAGAAGCT-1,373,369,309,3,1,Human
TGGAGAGAGGGTAACGACGC-1,373,371,293,1,1,Human
GAGACAACGGCTCGCAGGTC-1,373,370,297,2,2,Human
GACGGACAGCCTTGTCTAGT-1,375,371,280,1,1,Human
TCCAGGTACTATCTCGCTGC-1,372,2,1,369,277,Mouse
GAACCGCCTCAGCAGGCAGC-1,373,15,7,356,280,Mouse
TACGGACTCTCCGTGCAACC-1,373,4,3,367,283,Mouse
CGACGGACGACGCCTCATCT-1,374,368,292,3,2,Human
TCTGCGCACGATCGGACAAG-1,372,369,304,2,1,Human
TTCAGCAACTACATAGGTGG-1,372,6,6,365,276,Mouse
TACAGCATCAACAGTCCACC-1,372,368,293,3,1,Human
CACTGTGGAAACGGCGAGGC-1,372,5,3,366,269,Mouse
GCCAGCACGTGCGAATCGAC-1,372,365,275,6,6,Human
GACTGTATGGGTAGTTCTAG-1,371,4,4,366,282,Mouse
CATTCTGGTCCAGTGTATGC-1,371,367,281,3,1,Human
TTGAAGAAGCACATAGGTGG-1,373,368,282,2,2,Human
GACGTCTACACAGTGTATGC-1,371,369,285,1,0,Human
CGGACGGATTCCATAAGGAG-1,372,4,4,366,270,Mouse
TTCTATCAGCCTTGACTCAA-1,371,12,8,358,271,Mouse
GCGTTAGATGCGTATTGCTC-1,371,7,6,362,273,Mouse
TATTGTCACACGTTCAATAA-1,370,4,4,365,263,Mouse
ACGATTACCACACCGAGCAT-1,371,365,250,4,3,Human
ACACTGAGTCACCGACATTA-1,372,3,1,366,278,Mouse
AGGCACTTGGGTTGCGCCGG-1,370,366,285,3,3,Human
CCTGCGAACACGCCTGGAGA-1,370,4,3,365,276,Mouse
AGCAGCCACGTAATCGGTGC-1,370,368,285,1,1,Human
AATTCGAAGGTGACTTCGTA-1,370,3,2,365,276,Mouse
AATATGACGATTCTCCTGTA-1,369,366,292,2,0,Human
GCCATCAGGATTAATTGCTC-1,371,359,280,9,4,Human
TCCTAAGGCCGCTAGTAGAA-1,368,4,3,363,274,Mouse
GGAGCGACGAGTATTGGCTA-1,368,361,285,6,5,Human
CTGAACCACAAATCAGTGGA-1,368,363,268,4,2,Human
TGAAGTAATTGACCGTCTCT-1,369,4,4,363,268,Mouse
AGAGCGGCAAATCAGAGTCA-1,369,4,4,363,259,Mouse
AAGTTCGACCCTCACCTAAG-1,369,365,277,1,0,Human
AGCCGCTCTAAAGTTCGACC-1,367,201,176,165,142,Mix
TTCTGTCGACCCGGTCACTA-1,367,365,282,1,1,Human
TGAGGCCAATAGAGAGTCGC-1,367,7,6,359,275,Mouse
GCGCGTGATGTCAATGGTGG-1,367,362,284,4,3,Human
TTCTATCAGCTACAGTACGC-1,367,365,286,1,0,Human
CTCGGCGTATAAGATCAATT-1,367,364,274,2,1,Human
CTCGAGCTAGCTGCAGGATA-1,367,364,269,2,1,Human
GGCTTGGTGCTCCTGATCAA-1,366,3,2,362,286,Mouse
GTTAACAACTATGTCTGCCA-1,368,361,288,4,3,Human
GTGCCGTGTTATCCACTAAG-1,366,362,265,3,0,Human
GTCCATATGGCGCACTGGAT-1,366,7,6,358,265,Mouse
GCATATACAACGGCGATACC-1,368,8,6,357,265,Mouse
CTTGGCCAATCACATGTTAC-1,366,6,5,359,278,Mouse
CCAGATATCTGCGAATCGAC-1,366,361,283,4,4,Human
AATATTATGGCACATGTTAC-1,367,7,4,358,292,Mouse
CGTGAGCTCCGATTCAGAGA-1,365,4,4,360,269,Mouse
TCTGGATAGTCTATCACTAG-1,367,360,287,4,4,Human
ATGTAATTCCTAGGCTCAGG-1,365,3,3,361,279,Mouse
GGCACTACTGATACTGAGGA-1,367,363,288,1,0,Human
GCGCGTACGCGGCACTGAGC-1,367,360,267,4,2,Human
TGCACTGTCTTCGACATCGA-1,365,6,4,358,233,Mouse
TCCTTATGATCTCACAGCGG-1,366,359,287,5,2,Human
AATCAATGAGAGCACAGTTG-1,365,3,2,361,269,Mouse
ACGATGCGAAGACTTACTCT-1,365,5,2,359,295,Mouse
CATCTCGTATAGTGGTGGTA-1,367,363,273,1,1,Human
TCTCGCCGATTCTGTTCATA-1,364,6,3,357,284,Mouse
CAGCCAGACGCTAAGAGTCC-1,364,7,5,356,277,Mouse
GAGAGTTGATAGTAGTTACG-1,364,4,2,359,284,Mouse
TAACTTCATGTACGTTATGG-1,364,8,6,355,257,Mouse
TCTAATGACGCGCTGAATTC-1,366,361,291,2,2,Human
TGTCGGAGTGGAACGAATTC-1,365,359,281,4,2,Human
CTTCCATCCTTAGAAGACTC-1,364,9,3,354,270,Mouse
CTTCATAACGGGAGTACGTA-1,366,3,3,360,261,Mouse
GGCATTCGAACTATCACTAG-1,364,1,0,362,271,Mouse
TGATCTAGTGTGGACGTGAC-1,366,354,285,9,6,Human
CAGCCAGACGATGGCGTGCG-1,364,6,3,356,284,Mouse
GGCACTACTGCCTGTGAAGT-1,364,3,3,359,275,Mouse
CCGAGTTCGACATATTAGGA-1,363,8,7,354,283,Mouse
AAGCGCCGTACAAGAGGTCA-1,365,358,282,4,4,Human
GTATATGAAGCTCTGTCTCC-1,363,5,3,357,275,Mouse
TGGCTCAAGGTATCGCGCCA-1,365,358,288,4,3,Human
GAATCCATGATCCTCGTGCG-1,365,6,5,356,269,Mouse
ACTATGGCTGCTTGTCTAGT-1,363,356,259,6,3,Human
TCAATGGTGGAATAATGCAC-1,364,358,267,4,2,Human
CGCACAGGTAGTTACCACAT-1,364,6,5,356,280,Mouse
GTATTCTATGGGAGCTATGG-1,363,358,266,4,1,Human
CATGGACTCCCATCAATTAA-1,363,361,281,1,1,Human
TTGTCAGTGGTCGCATCTTG-1,363,358,281,4,2,Human
TAATCGGTGCTGTAAGAGCT-1,363,13,11,348,268,Mouse
AGCTTCCGGATAACAGCCAA-1,363,6,5,355,259,Mouse
CTCGTGCATGGCGGTGCAGA-1,362,358,284,3,2,Human
TCACGGCGGCATCAGTTAAC-1,362,1,1,360,255,Mouse
CTCCTGAGGCCTCTGTCTCC-1,362,359,286,2,0,Human
GAGACTCGCATTGATATTCC-1,362,356,276,5,3,Human
CCTGCGAACAATCCACTAAG-1,362,357,275,4,4,Human
CATGGCTGTACAAGCTGAAG-1,362,361,291,0,0,Human
TCGCATCTTGGGAGGTTGGT-1,362,5,3,355,259,Mouse
AACGTATCTGGTTGGATCCT-1,361,356,293,4,3,Human
CAGGCGTACTGTTAAGGTGA-1,361,3,2,357,277,Mouse
CGTTCAATAATATAGAAGCT-1,362,4,3,356,275,Mouse
GACTGTTCCTACTACGGTCG-1,360,355,278,4,2,Human
ACTAACCGTATCTGTTCATA-1,360,11,7,348,265,Mouse
CCGATACTGACATCAGTTGG-1,361,355,281,4,1,Human
AGTGGACACCTTACCAAGGT-1,360,356,277,3,1,Human
CACGTACCAAGCCAGCACGT-1,360,355,272,4,3,Human
CTTCTTCGTATGTGTAGCCG-1,359,4,3,354,274,Mouse
CCGGTGGACACGATAAGCAC-1,361,352,272,6,4,Human
ATTACATAATGGCTCCAAGC-1,360,355,264,3,2,Human
ACAGATCTATGTGTCACGAG-1,359,353,282,5,4,Human
ACGAGGCCATTCTTCATCTC-1,359,4,3,354,290,Mouse
GCGCTGTGCCTGTTCACTAG-1,359,354,281,4,4,Human
CGACTTAGTGATGATCATTA-1,359,4,3,354,259,Mouse
ACATATTACCCGTATCGCCT-1,359,356,284,2,2,Human
CGCCTCTCGGATTACCGCGT-1,360,355,273,3,1,Human
CTTGAAGAGAATCAGAGTCA-1,359,356,281,2,1,Human
GTGCGAACATTCCAATAGAA-1,359,356,282,2,0,Human
TTACCAAGGTTCCAGGTACT-1,359,3,1,354,276,Mouse
GAGAGCCTCCGCAACAGAAC-1,358,5,5,352,239,Mouse
TGTATTCAGATCCTGGTCGG-1,359,357,276,0,0,Human
TCTGTTCATAATAGAGAGCC-1,358,356,281,1,0,Human
CGCCTCTCGGCGACGGACGA-1,360,85,65,272,218,Mix
GTAGTGCCAACGATCACGAT-1,359,355,280,2,1,Human
ACATAAGTAACATTCCGGCT-1,358,355,277,2,1,Human
GAGTATTCCGTCCTGATCAA-1,358,355,283,2,2,Human
GATGGAGTGCGTAATACGTC-1,360,1,1,355,279,Mouse
TAGTTAGACGAGTTCCTGTC-1,359,3,1,353,283,Mouse
CTCAAGGACAGGCTCCAAGC-1,359,354,286,2,1,Human
ACGGCGAGGCAGCAAGCGAC-1,358,355,282,1,0,Human
ATAACATACGAGAGAGTCGC-1,357,6,4,349,265,Mouse
AGATCAAGCTTCCGTGAAGC-1,356,2,2,353,272,Mouse
CAACCGTATATATGGCATAG-1,356,352,277,3,0,Human
TGAGCGGCCGATTAACCGGC-1,357,350,268,5,3,Human
AGTTCTTGCTGAGGTGCCGC-1,356,352,275,3,2,Human
TCGCAGCTGTATCCACTAAG-1,356,4,3,351,279,Mouse
CCGTCCGGTGCCATAAGGAG-1,356,350,259,5,4,Human
ACGTAATCCTCGCCTCTCGG-1,355,2,1,352,263,Mouse
GCTCGTTAGTCTTACCGGTG-1,355,4,3,350,261,Mouse
AAGTGCTGGTGTGGACAGGA-1,355,350,269,4,2,Human
TACTCAGGAATACAGTACGC-1,356,344,275,10,9,Human
GCCAGCATTACATTCCGGCT-1,354,348,275,5,2,Human
TTACGATTGGCTAAGAGTCC-1,354,350,241,3,3,Human
TTCGTCGCCAACGTTGAATA-1,354,353,278,0,0,Human
ACTAACTTAACATATTAGGA-1,353,4,2,348,274,Mouse
GCCAGCACGTCGACGGACGA-1,354,5,4,346,253,Mouse
GCAAGCTGCCTAACATAGCA-1,352,349,272,2,2,Human
AACAGAGACTCTTCTTCGTA-1,353,345,274,6,5,Human
GCGTATGCGGCCTTAAGGCT-1,352,4,3,347,239,Mouse
TGAGCGGCCGGAGGTGCCGC-1,352,346,263,5,2,Human
AGTCTATCGTAGTCGACCAT-1,352,350,277,1,1,Human
TGTGTAGCCGCGTATCGCCT-1,352,348,270,3,3,Human
ATACCTCCATGCGGTGCAGA-1,352,7,6,343,270,Mouse
TTGATATTCCCTTCCTACAG-1,351,61,39,289,226,Mix
ACATACGTCCGCCTCCGGTC-1,351,345,268,5,4,Human
CTACCGCGATACACACCAGA-1,351,346,284,4,2,Human
GTATATGAAGTCCAATAGAA-1,352,347,251,3,2,Human
CTATCAAGCACTATCGCCTT-1,351,31,28,319,249,Mouse
ACCAATCTAATGGACGTGAC-1,351,347,271,3,2,Human
CTTAAGCTCAATCAGAGTCA-1,351,1,0,348,240,Mouse
ACCATACAATTTAATTGCTC-1,350,5,3,344,260,Mouse
GCGGAGCCATATACTCCTAC-1,350,346,274,3,3,Human
TATCTCGGCTGCCTCCGGTC-1,351,347,267,2,2,Human
TAATCGGTGCACGACTATTA-1,352,348,279,1,1,Human
CTTGGCCAATCGGCGATACC-1,351,344,274,4,3,Human
TATGGCATAGTCTCGCGACC-1,350,339,270,9,8,Human
GAGAGTCCGACCTTACCACA-1,351,7,7,341,267,Mouse
GCCAGTGACGAACCTTGCGG-1,349,5,3,343,263,Mouse
TGTCCGCGATGACATCGGTG-1,350,347,268,1,1,Human
TGTCTTACGAAGATTGCTCA-1,350,345,258,3,1,Human
TTACGTTCAGACAGTTCATT-1,349,346,264,2,1,Human
TGTCCTACCTAGTAGTAATA-1,349,345,264,3,3,Human
GAGAGTCCGACATCAGTTGG-1,350,348,277,0,0,Human
AGGTCGCAACCGATCACGAT-1,349,343,279,5,2,Human
AACGGTTGAGGAACGAATTC-1,348,341,266,6,5,Human
CACCGCTAGTCATCAGTTGG-1,349,346,287,1,1,Human
CAATCCGGAGGCACATAGTA-1,349,105,79,242,191,Mix
ATTAGTGGTCATAGCTGGAT-1,349,243,204,104,78,Mix
AGGCCAGTCGTTGTGGCATC-1,350,344,269,3,3,Human
CCGTCCGGTGGGAGCAACAG-1,349,342,263,5,2,Human
ATCAGAGTCACGACGGACGA-1,348,339,262,8,6,Human
ATGTAAGATTTGATGACGTA-1,348,7,4,340,258,Mouse
AACGTATCTGGTCACGTGCT-1,349,4,4,343,266,Mouse
GCTTAGTCGGGCAACTATTG-1,347,3,3,343,280,Mouse
ACATGCCTGTGTGTGAAGTT-1,347,343,270,3,1,Human
GACAGTTAGGTAATCGGTGC-1,347,6,4,340,250,Mouse
AAGTAAGCGTCAAGCTGAAG-1,347,2,1,344,280,Mouse
AACGTCACACGGCTATATAA-1,349,345,280,1,0,Human
CCAGATATCTGCTTAGTCGG-1,347,6,6,340,243,Mouse
TCCGTCAACGCCATCGTGAC-1,347,344,275,2,2,Human
CAACAGACAGTACGAAGTGC-1,346,1,0,344,273,Mouse
TAGGCTCAGGTGTGTAGCCG-1,346,343,258,2,2,Human
TGATAGCATGCCGGTCACTA-1,346,3,1,342,256,Mouse
ATTAATACAGGTCGCGATTC-1,346,340,266,5,3,Human
ACCAATAGCGGTCCAGACGA-1,347,334,259,11,9,Human
AGTGCCTACTCTTGTCTAGT-1,346,6,3,339,249,Mouse
GAGAGCCTCCGGAGGTCCAA-1,346,341,241,4,1,Human
TAGTCTACACTAACAGCCAA-1,346,1,1,344,260,Mouse
TTGCAGCCGCTTCGCATAAT-1,345,6,4,338,245,Mouse
TTACGATTGGCGACGGACGA-1,345,3,2,341,242,Mouse
CAGCTAATGCTGGACGTGAC-1,347,339,272,5,4,Human
GCGCCTAGCCCGCGACGAGG-1,346,6,4,338,239,Mouse
ATTAATACAGACGCCTCAGT-1,345,341,271,3,3,Human
GCAAGATGAACTAAGAGTCC-1,345,343,284,1,1,Human
ACACCTTGTCACATAGGTGG-1,345,342,274,2,1,Human
GACGTCAATGAGCGATCCAT-1,345,1,1,343,258,Mouse
GACTTACTCTAGTCTATCGT-1,345,342,279,2,1,Human
TGTGTGTAACACTGGTAAGA-1,345,5,3,338,247,Mouse
TTGATCTTAACAGCGAAGTC-1,344,338,246,5,2,Human
CCGGTGGACAGACGAAGACT-1,344,0,0,343,269,Mouse
GTCAGTACCAAGCCTCCTAT-1,344,3,1,340,253,Mouse
CTCACCTAAGTAGAAGACTC-1,344,341,266,2,1,Human
CTGAGACGGCGTTGGATCCT-1,345,9,6,334,246,Mouse
CAGGAACGAGTAGGCTCAGG-1,345,4,4,339,251,Mouse
ACATAGGTGGATGACGGATA-1,344,341,269,2,2,Human
TCCTGATCAAAAGTCACGGC-1,344,342,252,1,0,Human
TTACCAAGGTAGCACAGTTG-1,345,337,264,5,3,Human
GCCGGTTGTAGTCCAGACGA-1,344,10,8,332,262,Mouse
GCTACCATACTTGAAGAAGC-1,343,338,253,4,3,Human
CTTGGCCAATTCAATGGTGG-1,342,337,266,4,3,Human
AGAACAGGTCTGAGGTGGTT-1,343,337,273,4,2,Human
CTGGCTACTAAAGGATTGAT-1,343,339,270,2,1,Human
GGAGTATTAAGTAGACGGAG-1,343,336,270,5,3,Human
GACTCTCCAAAGTGGTGGTA-1,341,81,74,259,177,Mix
TATCACTGACTCCAGGTACT-1,341,340,264,0,0,Human
GTCGTCACGGCTGCAGGATA-1,342,336,276,4,3,Human
CACGGAGACCGTGCGAACAT-1,343,334,271,6,3,Human
GGAGATTAATGCGAATCGAC-1,342,337,269,3,3,Human
TCAATGGTGGATTATCTAGC-1,342,337,270,3,1,Human
GTGGCAGGTGGTACATAGGC-1,341,340,265,0,0,Human
GCACCGCATACAACTCGTCG-1,340,3,2,336,256,Mouse
CAATTGCACATGGAGCTCAG-1,341,7,5,332,249,Mouse
ACCAATAGCGCGAGGAGTCA-1,343,336,276,3,1,Human
ACGACAATATATGTTCTATA-1,340,334,271,5,2,Human
GCCTGTGCGTCTCACCTAAG-1,340,8,6,331,250,Mouse
GATAATACGCCGACGGACGA-1,340,338,263,1,1,Human
ACGTAATCCTGACGAAGACT-1,340,336,263,3,1,Human
GCATATACAAGCGAATCGAC-1,340,335,243,4,2,Human
GCTGTGAGACGTGTGAAGTT-1,340,1,1,337,267,Mouse
AAGACCTAGGACATAGGTGG-1,340,337,266,1,0,Human
ACCGATGACGGAACGCCGTG-1,340,336,268,2,1,Human
CGATTCCGGCAATAATGCAC-1,339,5,1,333,253,Mouse
CGATCGTCAGTCATCGGATT-1,340,333,269,5,3,Human
GAATCCACTTTGCAAGATAC-1,339,337,265,1,1,Human
AAGGTCGGTTACGGTACCTC-1,340,2,1,336,260,Mouse
ACGATGATCGGTAGTTCTAG-1,339,3,2,335,256,Mouse
CGCCTCATCTTCGACATCGA-1,339,335,267,3,3,Human
CAGATCGGTCCGGCAGAGTC-1,338,332,271,5,4,Human
AGATGTATATCGTCCGCTCT-1,339,335,259,2,2,Human
GGCATTATCGGGAGCTATGG-1,339,334,257,3,2,Human
CACGTGCCGGCTGTGAGCAG-1,339,0,0,337,268,Mouse
GCGGTGCAGAGCTTAGATCT-1,337,8,7,328,212,Mouse
AGCAACATGATCCTCCTGGC-1,339,4,2,332,260,Mouse
GATAATACGCATTAACCGGC-1,337,8,4,328,252,Mouse
CACCGAGCATATCTCGCTGC-1,337,3,3,333,255,Mouse
ATGCGAGCGTTAGGCTCAGG-1,337,332,264,4,3,Human
CTATGAACGAGCTCAGCTGG-1,338,333,256,3,3,Human
AATCTACAAGCGACGGACGA-1,337,334,280,2,1,Human
TGATCGAGGTCAGGAACGAG-1,338,333,262,3,1,Human
TCGAACGCCAGTTAAGGTGA-1,337,333,253,3,0,Human
CCACAGGTATGCCTCCGGTC-1,337,327,260,9,3,Human
TAATCTTACGCAGTGTATGC-1,336,5,3,330,240,Mouse
AGGTCGCAACACTGGTAAGA-1,336,1,1,334,264,Mouse
TATCACTGACAATCTACAAG-1,336,2,1,333,256,Mouse
TATTCATATATGTTCACTAG-1,336,4,4,331,249,Mouse
GCGTAGGCTTTAGTTAGACG-1,337,332,260,3,2,Human
AATTGTCAAGCTTGCCGCGC-1,336,9,7,326,246,Mouse
ATAAGTCATGTCTTGGAGAC-1,336,331,259,4,3,Human
GCAATCGAGTTGACGTCCTT-1,336,1,1,334,259,Mouse
TTCCGTCCTCTTCAGTGCGG-1,336,4,3,331,257,Mouse
AATGCCAGTTGTTGTCTGAC-1,336,3,2,332,243,Mouse
TAAGCGTGGCAACGAGGTCC-1,336,332,262,3,3,Human
AGGCTAGCTGTCAGATAGAT-1,336,4,3,331,237,Mouse
GTGTTGGAACGCCAGCTTCG-1,338,331,264,4,4,Human
ACGGATCAGCATAGAGAGCC-1,339,330,261,5,1,Human
ATTAACCGGCGTTAAGGTGA-1,335,6,5,328,276,Mouse
TACAGTACGCCCGAATCAGT-1,336,4,2,330,239,Mouse
AACTTCCAGGAAGTTGGAGG-1,335,2,2,332,251,Mouse
GCCGTGATCTTTAACCGCGA-1,336,56,30,278,201,Mix
ACGACCGACGGTATTGGCTA-1,336,1,0,333,249,Mouse
AACCATATACTACGGACTCT-1,336,332,270,2,2,Human
GCTTAGATCTTCAGATAGAT-1,335,326,260,8,8,Human
CATGATGCATAGCGATCCAT-1,335,1,1,333,237,Mouse
GTCAGTTCTGCGGACCACCT-1,334,1,0,332,260,Mouse
TTCCGTCCTCGATTGATGGC-1,334,2,1,331,247,Mouse
ATGTTCTATATGTCAGGCAC-1,335,329,250,4,4,Human
TTCTCGAGGCAAGTTCGACC-1,336,15,13,318,239,Mouse
GGCATACGTTGCCTCTGGCT-1,335,330,271,3,2,Human
TGTCTACGCGCAGTCCAGGA-1,334,2,2,331,265,Mouse
AGATCGCTGTGGAGCAACAG-1,335,27,22,306,240,Mouse
GCCGCACGCAAACTTGCACC-1,333,329,260,3,3,Human
AGAGCGGCAAGGAGCAACAG-1,334,3,3,329,260,Mouse
ACAGTCCACCTCGACATCGA-1,333,4,3,328,249,Mouse
CTTCTATCGAGCGAACACGG-1,334,2,2,330,245,Mouse
ACCTGGCGCTACTACGGTCG-1,333,2,1,330,237,Mouse
TAATTGAACGCGCCTCATCT-1,334,4,4,328,224,Mouse
AAGGATCCGACAAGAGGTCA-1,333,5,4,327,245,Mouse
GATAATGATGGACATCGGTG-1,333,4,2,327,251,Mouse
CTTACCGGTGACGGCCTGTA-1,333,331,248,0,0,Human
TGGATTAGACACGCCTCAGT-1,332,4,4,327,231,Mouse
GCAGCCTGTGGCGAACACGG-1,332,2,1,329,262,Mouse
GAGGCCTGAGATGATCATTA-1,332,1,1,330,247,Mouse
TAGTAGGCCTGTAGACGGAG-1,331,4,3,326,251,Mouse
CAGAATCTTCTCCGAAGATT-1,331,2,0,328,270,Mouse
TCTACGGTAAAATCTACAAG-1,331,323,265,7,4,Human
CGATACTAGCCTTGCCTACA-1,331,324,262,6,4,Human
ACAGATTGTTATAGCTGGAT-1,331,328,252,2,2,Human
GAGTATTCCGTCTCGCGACC-1,334,325,269,4,3,Human
ATATTGATATGCCTCCGGTC-1,330,6,5,323,252,Mouse
AATCAATGAGTAAGCGTGGC-1,331,327,267,2,0,Human
GACGCTGCTACAGCGAAGTC-1,332,0,0,329,264,Mouse
CTTCGGCCGGCACATGTTAC-1,330,327,265,2,0,Human
CCATGAGAGGGGCTATATAA-1,330,3,3,326,244,Mouse
ATGACGGATACGATTGATAA-1,330,2,2,327,247,Mouse
GAATCGGACTTGTCAGGCAC-1,332,325,254,4,2,Human
TCCGACTTAACAAGAGGTCA-1,330,6,2,323,272,Mouse
GTAGACGGAGCGGACCACCT-1,330,324,250,5,3,Human
